QT_FORMULA,UNOPF_NO,1,141
QT_FORMULA,RELDECL_0,4,1385
BOPEXPR_JOIN,Dummy for var,1,8029
RELDECL_0,<END>,3,18404
BOP_IN,Dummy for var,2,36
BOP_NOT_IN,BOPEXPR_ARROW,1,233
BOP_NEQ,Dummy for sig,1,10
BOP_NOT_IN,UNOPE_CLOSURE,2,2
BOPEXPR_ARROW,BOPEXPR_ANY_ARROW_LONE,2,1
UNOPF_LONE,UNOPE_CLOSURE,1,1
LIST_FORMULA_1,QT_FORMULA,3,2
RELDECL_1,<END>,5,1
LIST_FORMULA_1,BOP_NOT_IN,4,6
BOPEXPR_MINUS,BOPEXPR_MINUS,1,8
QT_FORMULA,RELDECL_0,2,13242
QT_FORMULA,QT_FORMULA,1,2539
QT_FORMULA,BOP_NEQ,1,29
BOP_IN,Dummy for sig,2,2919
BOP_NEQ,BOPEXPR_DOMAIN,1,1
QT_FORMULA,BOP_RELEASES,1,1
BOP_GTE,UNOPE_CARDINALITY,1,1
UNOPF_LONE,BOPEXPR_PLUS,1,3
LIST_FORMULA_1,<END>,5,45
UNOPF_EVENTUALLY,BOP_EQ,1,19
BOPEXPR_ANY_ARROW_SOME,Dummy for sig,1,1
UNOPF_ALWAYS,LIST_FORMULA_1,1,6
Dummy for ref,BOP_NEQ,1,4
BOPEXPR_MINUS,Dummy for var,2,26
BOPEXPR_PLUS,Dummy for sig,2,336
Dummy for ref,BOPEXPR_INTERSECT,1,4
BOPEXPR_DOMAIN,UNOPE_RCLOSURE,2,1
BOP_EQ,BOPEXPR_,2,1
UNOPF_EVENTUALLY,LIST_FORMULA_1,1,32
LIST_FORMULA_1,UNOPF_EVENTUALLY,3,1
LIST_FORMULA_2,BOP_IN,9,2
LIST_FORMULA_2,BOP_EQ,2,22
QT_FORMULA,LIST_FORMULA_2,1,258
Dummy for ref,QT_FORMULA,1,9101
UNOPF_SOME,BOPEXPR_,1,23
BOP_IN,BOPEXPR_JOIN,2,1994
UNOPE_RCLOSURE,Dummy for field,1,31
UNOPF_EVENTUALLY,QT_FORMULA,1,25
BOP_NEQ,BOPEXPR_JOIN,1,93
BOPEXPR_PLUS,BOPEXPR_JOIN,1,53
LIST_FORMULA_2,LIST_FORMULA_1,1,33
UNOPF_AFTER,BOP_EQ,1,4
LIST_FORMULA_1,BOP_NOT_IN,1,96
BOPEXPR_JOIN,BOPEXPR_DOMAIN,2,22
LIST_FORMULA_2,UNOPF_ALWAYS,2,3
BOP_IN,BOPEXPR_LONE_ARROW_ANY,2,2
BOPEXPR_INTERSECT,Dummy for sig,2,839
UNOPF_ONCE,BOP_NEQ,1,1
BOPEXPR_DOMAIN,BOPEXPR_JOIN,1,8
LIST_FORMULA_1,UNOPF_NOT,3,4
LIST_FORMULA_1,UNOPF_SOME,2,45
UNOPF_AFTER,BOP_IN,1,19
LIST_FORMULA_2,BOP_NEQ,2,4
UNOPF_ONE,Dummy for sig,1,43
Dummy for ref,BOP_IMPLIES,2,2
UNOPF_ONCE,QT_FORMULA,1,4
BOP_IMPLIES,UNOPF_AFTER,2,42
BOPEXPR_ANY_ARROW_SOME,Dummy for sig,2,1
LIST_FORMULA_1,UNOPF_NOT,1,9
BOPEXPR_,Dummy for sig,1,3
BOP_IMPLIES,UNOPF_EVENTUALLY,1,6
BOPEXPR_MINUS,UNOPE_PRIME,1,1
BOP_EQ,BOPEXPR_JOIN,1,656
LIST_FORMULA_2,BOP_IN,8,2
BOPEXPR_ARROW,BOPEXPR_ARROW,2,2579
UNOPF_BEFORE,UNOPF_NO,1,17
BOPEXPR_,Dummy for var,2,8
Dummy for ref,Dummy for field,1,1
BOPEXPR_JOIN,Dummy for var,2,1693
LIST_FORMULA_1,BOP_EQ,3,190
UNOPF_BEFORE,UNOPF_HISTORICALLY,1,1
UNOPF_LONE,BOPEXPR_,1,6
BOP_SINCE,QT_FORMULA,1,2
BOP_NOT_IN,UNOPE_CLOSURE,1,1
BOP_EQ,Dummy for sig,2,123
BOPEXPR_,iden,1,1
Dummy for ref,Dummy for ref,1,138
QT_EXPR,UNOPF_SOME,1,1
UNOPE_TRANSPOSE,Dummy for ref,1,15
UNOPF_AFTER,UNOPF_ONE,1,16
RELDECL_0,Dummy for var,4,116
LIST_FORMULA_2,UNOPF_SOME,2,5
UNOPF_NO,BOPEXPR_MINUS,1,34
UNOPF_ONE,BOPEXPR_MINUS,1,4
BOP_IFF,LIST_FORMULA_1,1,2
LIST_FORMULA_1,UNOPF_ALWAYS,1,92
UNOPF_EVENTUALLY,LIST_FORMULA_2,1,1
BOP_NEQ,UNOPE_PRIME,2,16
UNOPF_LONE,BOPEXPR_DOMAIN,1,9
UNOPF_ALWAYS,BOP_EQ,1,218
LIST_EXPR_1,BOPEXPR_JOIN,2,4
QT_FORMULA,Dummy for ref,1,2
BOP_EQ,UNOPE_CARDINALITY,1,5
BOPEXPR_,Dummy for sig,2,90
BOP_NEQ,BOPEXPR_JOIN,2,100
RELDECL_0,Dummy for var,2,19440
ITE_FORMULA,BOP_IN,3,1
RELDECL_1,Dummy for var,2,66
UNOPF_ALWAYS,QT_FORMULA,1,427
BOP_EQ,BOPEXPR_JOIN,2,481
QT_FORMULA,<END>,3,9364
UNOPF_ONE,Dummy for var,1,2
BOP_LT,UNOPE_CARDINALITY,1,18
LIST_FORMULA_2,BOP_NOT_IN,1,12
LIST_FORMULA_1,LIST_FORMULA_2,1,12
UNOPF_NO,UNOPE_PRIME,1,6
UNOPE_RCLOSURE,UNOPE_TRANSPOSE,1,3
Dummy for ref,QT_FORMULA,2,24
BOPEXPR_ARROW,Dummy for sig,1,107
UNOPF_SOME,BOPEXPR_MINUS,1,4
LIST_FORMULA_2,LIST_FORMULA_1,3,18
BOP_IMPLIES,UNOPF_BEFORE,2,3
UNOPF_NO,BOPEXPR_JOIN,1,685
LIST_FORMULA_1,UNOPF_HISTORICALLY,1,5
LIST_EXPR_1,Dummy for var,2,1
Dummy for ref,UNOPF_EVENTUALLY,1,47
BOP_EQ,3,2,2
BOP_EQ,Dummy for field,1,10
LIST_FORMULA_2,BOP_EQ,1,73
BOP_IMPLIES,UNOPF_ONE,1,13
BOP_IMPLIES,UNOPF_LONE,1,1
QT_FORMULA,RELDECL_1,3,9
UNOPF_SOME,BOPEXPR_INTERSECT,1,1186
BOP_IMPLIES,BOP_IN,2,1796
UNOPE_TRANSPOSE,BOPEXPR_DOMAIN,1,23
UNOPF_AFTER,UNOPF_NO,1,1
BOP_SINCE,UNOPF_ONE,2,6
Dummy for ref,BOP_NOT_IN,1,27
BOPEXPR_ONE_ARROW_ONE,BOPEXPR_ONE_ARROW_ONE,2,4
UNOPF_NOT,LIST_FORMULA_2,1,4
LIST_EXPR_1,BOPEXPR_JOIN,1,2
BOP_SINCE,UNOPF_HISTORICALLY,2,2
BOP_NOT_IN,Dummy for sig,2,635
Dummy for ref,UNOPF_NO,1,909
BOP_UNTIL,BOP_EQ,1,1
QT_EXPR,QT_FORMULA,1,120
BOP_RELEASES,BOP_EQ,2,37
UNOPF_ONE,BOPEXPR_JOIN,1,77
UNOPE_PRIME,Dummy for field,1,537
UNOPF_ALWAYS,BOP_SINCE,1,1
UNOPF_LONE,BOPEXPR_INTERSECT,1,270
Dummy for ref,BOPEXPR_JOIN,1,11
LIST_FORMULA_2,LIST_FORMULA_1,2,36
BOP_NOT_IN,BOPEXPR_JOIN,2,186
UNOPF_ONCE,LIST_FORMULA_1,1,4
BOPEXPR_SOME_ARROW_ANY,Dummy for sig,2,2
UNOPF_NOT,LIST_FORMULA_1,1,22
LIST_FORMULA_1,BOP_IN,2,2442
BOPEXPR_DOMAIN,Dummy for field,2,74
BOPEXPR_PLUS,BOPEXPR_JOIN,2,42
LIST_EXPR_1,<END>,3,5
UNOPF_EVENTUALLY,UNOPF_HISTORICALLY,1,3
BOP_SINCE,UNOPF_ALWAYS,1,2
BOP_IMPLIES,UNOPF_ALWAYS,2,67
UNOPF_LONE,BOPEXPR_JOIN,1,632
LIST_FORMULA_1,BOP_NOT_IN,3,10
BOP_IN,BOPEXPR_DOMAIN,1,2
BOPEXPR_JOIN,iden,2,3
Dummy for ref,UNOPF_SOME,1,404
BOPEXPR_MINUS,BOPEXPR_ARROW,1,4
LIST_FORMULA_1,UNOPF_NOT,2,13
LIST_FORMULA_2,UNOPF_ALWAYS,1,8
BOPEXPR_INTERSECT,BOPEXPR_MINUS,1,1
UNOPF_ONCE,BOP_IMPLIES,1,1
LIST_FORMULA_1,BOP_NEQ,6,2
LIST_FORMULA_2,UNOPF_NO,2,3
BOP_UNTIL,QT_FORMULA,1,2
LIST_FORMULA_1,UNOPF_HISTORICALLY,2,20
Dummy for ref,BOP_IMPLIES,1,32
RELDECL_1,UNOPE_ONE,1,66
BOPEXPR_PLUS,Dummy for var,2,199
LIST_FORMULA_1,UNOPF_NO,2,65
BOP_NOT_IN,BOPEXPR_INTERSECT,1,3
BOP_EQ,BOPEXPR_INTERSECT,2,4
BOP_NEQ,Dummy for field,1,12
BOP_IMPLIES,BOP_NOT_IN,1,142
UNOPF_NOT,QT_FORMULA,1,24
QT_FORMULA,UNOPF_ALWAYS,1,274
BOPEXPR_INTERSECT,BOPEXPR_JOIN,1,774
Dummy for ref,UNOPE_TRANSPOSE,1,1
LIST_FORMULA_1,LIST_FORMULA_2,4,2
BOPEXPR_JOIN,UNOPE_PRIME,2,365
BOP_IMPLIES,BOP_LT,2,2
BOPEXPR_,BOPEXPR_JOIN,1,92
RELDECL_0,Dummy for field,2,5
BOPEXPR_JOIN,UNOPE_PRIME,1,2
LIST_FORMULA_2,BOP_IMPLIES,1,75
BOP_IN,BOPEXPR_MINUS,2,60
UNOPE_PRIME,Dummy for sig,1,68
LIST_FORMULA_1,UNOPF_AFTER,2,15
UNOPE_TRANSPOSE,BOPEXPR_JOIN,1,51
BOPEXPR_PLUS,Dummy for field,2,4
QT_FORMULA,UNOPF_NOT,1,78
BOP_NOT_IN,UNOPE_PRIME,1,16
BOP_NOT_IN,iden,2,3
LIST_FORMULA_1,BOP_IMPLIES,3,4
UNOPF_HISTORICALLY,UNOPF_LONE,1,2
Dummy for ref,BOP_IN,2,112
UNOPF_NO,BOPEXPR_INTERSECT,1,664
BOPEXPR_PLUS,iden,1,1
BOP_IMPLIES,UNOPF_LONE,2,4
BOP_IN,Dummy for sig,1,947
UNOPF_ALWAYS,BOP_UNTIL,1,1
ITE_FORMULA,BOP_NOT_IN,3,4
BOP_SINCE,UNOPF_NO,2,2
QT_FORMULA,UNOPF_AFTER,1,2
UNOPF_HISTORICALLY,UNOPF_NO,1,24
BOPEXPR_ANY_ARROW_LONE,Dummy for sig,1,4
LIST_FORMULA_2,<END>,10,2
BOP_IN,BOPEXPR_INTERSECT,2,13
BOP_NOT_IN,BOPEXPR_,2,1
BOP_IN,BOPEXPR_PLUS,2,303
BOP_UNTIL,UNOPF_HISTORICALLY,1,1
RELDECL_1,Dummy for var,4,1
LIST_EXPR_1,Dummy for var,1,3
BOPEXPR_ONE_ARROW_ONE,Dummy for sig,2,1
BOP_EQ,BOPEXPR_PLUS,2,39
QT_FORMULA,RELDECL_0,3,3925
BOP_IMPLIES,BOP_EQ,2,303
Dummy for ref,UNOPF_BEFORE,1,2
ITE_FORMULA,BOP_IN,2,2
BOP_NOT_IN,UNOPE_RCLOSURE,1,1
LIST_FORMULA_2,BOP_IN,5,14
BOPEXPR_INTERSECT,Dummy for var,2,17
UNOPF_HISTORICALLY,BOP_IN,1,7
BOP_IMPLIES,UNOPF_NOT,2,15
LIST_FORMULA_1,UNOPF_ONE,1,2
UNOPF_NO,UNOPE_TRANSPOSE,1,2
LIST_FORMULA_1,BOP_IMPLIES,4,1
UNOPF_HISTORICALLY,UNOPF_EVENTUALLY,1,1
BOP_EQ,BOPEXPR_ARROW,2,2
BOP_IN,BOPEXPR_JOIN,1,1592
BOP_RELEASES,BOP_IN,1,37
UNOPF_EVENTUALLY,BOP_NOT_IN,1,83
LIST_FORMULA_1,BOP_IMPLIES,2,31
UNOPF_ONCE,BOP_IN,1,9
BOP_IN,iden,2,220
ITE_FORMULA,UNOPF_SOME,1,1
LIST_FORMULA_1,QT_FORMULA,1,100
LIST_FORMULA_1,BOP_SINCE,2,3
UNOPF_SOME,BOPEXPR_PLUS,1,2
BOPEXPR_DOMAIN,Dummy for sig,1,46
BOP_IN,BOPEXPR_ONE_ARROW_ONE,2,5
LIST_FORMULA_2,QT_FORMULA,3,4
BOP_IN,UNOPE_PRIME,2,11
LIST_FORMULA_1,QT_FORMULA,2,102
BOP_IMPLIES,BOP_NEQ,1,4
BOP_EQ,UNOPE_CARDINALITY,2,4
BOPEXPR_ARROW,BOPEXPR_JOIN,1,19
BOPEXPR_ARROW,Dummy for sig,2,107
RELDECL_0,UNOPE_ONE,1,19445
UNOPE_CLOSURE,QT_EXPR,1,1
UNOPE_PRIME,BOPEXPR_JOIN,1,21
LIST_FORMULA_1,UNOPF_SOME,1,147
BOP_EQ,Dummy for sig,1,113
ITE_FORMULA,LIST_FORMULA_1,3,48
LIST_FORMULA_1,UNOPF_SOME,4,2
BOP_SINCE,UNOPF_ONE,1,5
QT_FORMULA,UNOPF_LONE,1,850
Dummy for ref,BOP_EQ,1,93
UNOPF_NO,BOPEXPR_DOMAIN,1,5
BOPEXPR_PLUS,BOPEXPR_ARROW,1,4
UNOPF_LONE,Dummy for field,1,10
UNOPF_SOME,BOPEXPR_ARROW,1,42
BOPEXPR_DOMAIN,BOPEXPR_INTERSECT,1,13
BOPEXPR_JOIN,Dummy for field,2,9484
QT_FORMULA,RELDECL_1,2,56
BOP_IN,BOPEXPR_ARROW,2,6
UNOPF_EVENTUALLY,BOP_NEQ,1,18
BOP_NOT_IN,BOPEXPR_JOIN,1,92
LIST_FORMULA_2,ITE_FORMULA,2,48
BOP_NEQ,Dummy for sig,2,14
BOP_GT,0,2,4
LIST_FORMULA_2,BOP_IMPLIES,2,59
UNOPF_LONE,BOPEXPR_MINUS,1,2
UNOPF_ONE,UNOPE_CLOSURE,1,1
LIST_FORMULA_2,BOP_IN,1,368
UNOPE_CARDINALITY,BOPEXPR_JOIN,1,29
Dummy for ref,UNOPF_NOT,1,16
BOP_IMPLIES,LIST_FORMULA_1,2,218
BOP_SINCE,BOP_IN,1,6
BOPEXPR_ONE_ARROW_ONE,Dummy for var,2,4
UNOPE_CLOSURE,Dummy for ref,1,142
BOP_IMPLIES,UNOPF_HISTORICALLY,1,1
UNOPF_EVENTUALLY,UNOPF_SOME,1,29
BOP_RELEASES,BOP_IN,2,1
BOP_EQ,Dummy for var,1,318
QT_FORMULA,LIST_FORMULA_1,1,700
LIST_FORMULA_1,BOP_IMPLIES,1,31
UNOPF_EVENTUALLY,UNOPF_NO,1,52
BOP_IN,BOPEXPR_MINUS,1,133
UNOPF_NO,BOPEXPR_,1,8
UNOPF_EVENTUALLY,BOP_IMPLIES,1,8
BOPEXPR_,BOPEXPR_MINUS,2,2
BOPEXPR_ONE_ARROW_ONE,Dummy for sig,1,1
BOPEXPR_JOIN,BOPEXPR_MINUS,1,16
UNOPF_SOME,Dummy for field,1,23
UNOPF_ALWAYS,UNOPF_SOME,1,9
BOP_IMPLIES,UNOPF_ALWAYS,1,16
RELDECL_0,<END>,4,925
LIST_FORMULA_1,BOP_IN,1,2275
UNOPE_TRANSPOSE,Dummy for field,1,351
BOP_EQ,Dummy for field,2,166
BOP_SINCE,BOP_NOT_IN,2,2
Dummy for ref,BOP_IFF,1,4
LIST_FORMULA_1,BOP_EQ,1,66
QT_FORMULA,UNOPF_ONCE,1,11
BOP_UNTIL,BOP_NOT_IN,1,7
UNOPF_BEFORE,BOP_SINCE,1,1
UNOPF_NO,Dummy for sig,1,274
BOPEXPR_ONE_ARROW_ONE,Dummy for var,1,8
UNOPE_TRANSPOSE,UNOPE_CLOSURE,1,3
LIST_FORMULA_2,UNOPF_NOT,3,2
BOPEXPR_MINUS,Dummy for sig,1,309
UNOPE_CARDINALITY,Dummy for var,1,1
BOP_IFF,BOP_NOT_IN,2,3
LIST_FORMULA_1,UNOPF_NO,4,4
BOPEXPR_INTERSECT,iden,2,2
BOPEXPR_MINUS,BOPEXPR_PLUS,2,1
LIST_FORMULA_1,BOP_NOT_IN,2,156
UNOPE_PRIME,Dummy for var,1,55
LIST_FORMULA_1,LIST_FORMULA_2,2,11
QT_FORMULA,<END>,4,2548
BOPEXPR_PLUS,Dummy for sig,1,321
BOPEXPR_INTERSECT,BOPEXPR_ARROW,2,16
ITE_FORMULA,BOP_NEQ,3,1
BOP_UNTIL,UNOPF_SOME,2,87
BOP_IMPLIES,BOP_IN,1,1557
RELDECL_1,Dummy for var,3,66
LIST_FORMULA_1,<END>,6,14
BOP_NEQ,Dummy for var,1,266
UNOPE_ONE,BOPEXPR_PLUS,1,4
UNOPF_AFTER,BOP_NOT_IN,1,21
BOPEXPR_INTERSECT,UNOPE_CLOSURE,2,3
BOP_NEQ,Dummy for var,2,266
RELDECL_1,<END>,4,65
BOPEXPR_,BOPEXPR_PLUS,2,5
BOP_NOT_IN,BOPEXPR_PLUS,2,4
Dummy for ref,false,1,6
LIST_FORMULA_1,UNOPF_ONE,3,10
Dummy for ref,BOPEXPR_DOMAIN,1,3
BOPEXPR_INTERSECT,UNOPE_PRIME,1,4
BOP_IN,BOPEXPR_SOME_ARROW_ANY,2,2
LIST_FORMULA_2,BOP_NOT_IN,2,13
BOPEXPR_,Dummy for var,1,1
LIST_FORMULA_2,<END>,4,69
UNOPF_SOME,BOPEXPR_JOIN,1,2585
UNOPF_ONE,BOPEXPR_INTERSECT,1,3
UNOPF_NO,BOPEXPR_PLUS,1,32
LIST_FORMULA_1,BOP_NEQ,4,9
BOP_IMPLIES,LIST_FORMULA_2,1,20
BOP_NOT_IN,iden,1,2
BOP_IFF,UNOPF_NOT,2,4
UNOPF_HISTORICALLY,BOP_EQ,1,3
UNOPF_EVENTUALLY,UNOPF_ONE,1,3
Dummy for ref,LIST_FORMULA_1,1,380
UNOPF_ALWAYS,UNOPF_NO,1,71
BOPEXPR_MINUS,BOPEXPR_MINUS,2,2
BOP_IN,BOPEXPR_,2,8
BOP_IN,Dummy for field,1,24
LIST_FORMULA_2,<END>,3,488
BOPEXPR_DOMAIN,BOPEXPR_,2,2
LIST_FORMULA_1,UNOPF_NO,3,15
BOP_IMPLIES,UNOPF_ONE,2,9
LIST_FORMULA_2,QT_FORMULA,1,4
LIST_FORMULA_1,BOP_IN,5,8
BOP_NOT_IN,BOPEXPR_PLUS,1,1
BOP_UNTIL,BOP_IN,2,10
BOP_IFF,BOP_IN,2,2
ITE_FORMULA,BOP_EQ,2,5
BOPEXPR_INTERSECT,Dummy for field,1,4
BOP_EQ,BOPEXPR_MINUS,2,39
LIST_FORMULA_1,UNOPF_BEFORE,2,6
UNOPE_ONE,BOPEXPR_MINUS,1,24
BOP_SINCE,UNOPF_SOME,1,15
LIST_FORMULA_1,BOP_IN,3,163
UNOPF_ONE,Dummy for field,1,10
QT_FORMULA,ITE_FORMULA,1,6
BOPEXPR_INTERSECT,iden,1,18
BOP_IN,BOPEXPR_ANY_ARROW_LONE,2,3
BOPEXPR_JOIN,Dummy for ref,1,16
UNOPE_ONE,BOPEXPR_INTERSECT,1,16
QT_FORMULA,BOP_EQ,1,199
LIST_FORMULA_2,BOP_IMPLIES,4,2
BOP_IN,Dummy for field,2,7388
BOP_NOT_IN,BOPEXPR_INTERSECT,2,9
BOP_SINCE,UNOPF_EVENTUALLY,2,1
BOP_EQ,BOPEXPR_PLUS,1,2
BOPEXPR_ARROW,Dummy for var,2,7707
BOPEXPR_PLUS,BOPEXPR_ARROW,2,5
LIST_FORMULA_1,UNOPF_EVENTUALLY,1,2
BOP_IMPLIES,BOP_RELEASES,2,37
UNOPF_ALWAYS,UNOPF_ONE,1,8
BOP_NOT_IN,Dummy for field,1,1
BOPEXPR_INTERSECT,BOPEXPR_INTERSECT,1,2
RELDECL_0,<END>,5,116
BOPEXPR_ANY_ARROW_LONE,Dummy for sig,2,4
BOPEXPR_PLUS,BOPEXPR_,2,2
QT_FORMULA,LIST_EXPR_1,1,5
CALL_EXPR,Dummy for ref,1,5
BOP_NOT_IN,Dummy for field,2,237
UNOPE_RCLOSURE,BOPEXPR_JOIN,1,18
BOP_UNTIL,QT_FORMULA,2,5
Dummy for ref,UNOPF_ONCE,1,5
UNOPF_NOT,BOP_IMPLIES,1,8
LIST_FORMULA_1,UNOPF_ONCE,2,13
BOP_EQ,BOPEXPR_MINUS,1,5
BOP_NEQ,UNOPE_PRIME,1,16
BOP_GTE,1,2,1
QT_FORMULA,BOP_GT,1,6
BOP_RELEASES,BOP_EQ,1,1
LIST_FORMULA_1,UNOPF_SOME,3,12
BOPEXPR_INTERSECT,Dummy for field,2,10
RELDECL_0,Dummy for var,3,1041
UNOPF_ALWAYS,BOP_NEQ,1,22
BOPEXPR_JOIN,Dummy for ref,2,6
LIST_FORMULA_1,BOP_NEQ,5,6
BOP_IFF,BOP_IN,1,7
QT_FORMULA,RELDECL_0,5,772
LIST_FORMULA_1,<END>,7,2
UNOPF_EVENTUALLY,BOP_UNTIL,1,3
LIST_FORMULA_1,BOP_LT,2,2
UNOPE_ONE,BOPEXPR_JOIN,1,162
LIST_FORMULA_2,<END>,7,14
UNOPF_HISTORICALLY,QT_FORMULA,1,2
LIST_FORMULA_1,UNOPF_LONE,1,10
BOPEXPR_INTERSECT,BOPEXPR_DOMAIN,2,1
UNOPF_ALWAYS,UNOPF_AFTER,1,2
UNOPF_EVENTUALLY,BOP_IN,1,208
LIST_FORMULA_1,UNOPF_NO,1,69
BOP_IN,BOPEXPR_PLUS,1,189
BOPEXPR_JOIN,BOPEXPR_DOMAIN,1,25
LIST_FORMULA_1,<END>,3,2667
BOPEXPR_PLUS,BOPEXPR_MINUS,1,4
LIST_FORMULA_1,UNOPF_ALWAYS,2,82
BOPEXPR_ARROW,BOPEXPR_JOIN,2,1
BOP_IMPLIES,BOP_NEQ,2,26
BOP_IMPLIES,UNOPF_NO,1,38
UNOPF_SOME,Dummy for sig,1,82
BOPEXPR_JOIN,BOPEXPR_PLUS,1,2
UNOPF_LONE,UNOPE_TRANSPOSE,1,1
BOPEXPR_ARROW,BOPEXPR_ARROW,1,4
BOPEXPR_INTERSECT,UNOPE_CLOSURE,1,2
Dummy for ref,BOP_UNTIL,1,4
LIST_FORMULA_1,UNOPF_ONE,2,29
BOPEXPR_LONE_ARROW_ANY,Dummy for sig,2,2
BOPEXPR_LONE_ARROW_ANY,Dummy for sig,1,2
BOP_IMPLIES,LIST_FORMULA_2,2,249
Dummy for ref,UNOPF_ALWAYS,1,667
LIST_FORMULA_2,QT_FORMULA,2,187
BOP_IMPLIES,BOP_EQ,1,21
LIST_FORMULA_1,BOP_NEQ,1,196
QT_FORMULA,BOP_UNTIL,1,82
LIST_FORMULA_1,LIST_FORMULA_2,3,2
UNOPF_ONCE,BOP_NOT_IN,1,3
BOP_LT,2,2,18
BOPEXPR_ARROW,Dummy for field,2,6
UNOPF_EVENTUALLY,UNOPF_ALWAYS,1,51
BOPEXPR_INTERSECT,Dummy for var,1,43
BOPEXPR_JOIN,UNOPE_RCLOSURE,2,45
BOP_IN,Dummy for var,1,2551
Dummy for ref,LIST_FORMULA_2,1,6
QT_FORMULA,UNOPF_SOME,1,1235
UNOPF_HISTORICALLY,UNOPF_SOME,1,2
UNOPF_ALWAYS,UNOPF_LONE,1,26
LIST_FORMULA_1,UNOPF_EVENTUALLY,2,15
UNOPF_ONE,BOPEXPR_PLUS,1,1
BOP_EQ,BOPEXPR_DOMAIN,2,1
BOP_IMPLIES,QT_FORMULA,1,156
ITE_FORMULA,UNOPF_NO,1,6
QT_FORMULA,BOP_SINCE,1,7
BOPEXPR_ARROW,Dummy for field,1,4
LIST_FORMULA_1,BOP_NOT_IN,5,2
BOP_IN,BOPEXPR_ANY_ARROW_SOME,2,1
LIST_FORMULA_2,<END>,5,2
BOP_IMPLIES,BOP_NOT_IN,2,214
UNOPF_ALWAYS,UNOPF_EVENTUALLY,1,170
BOPEXPR_ARROW,Dummy for var,1,10267
BOP_IMPLIES,BOP_IMPLIES,2,15
LIST_FORMULA_2,BOP_EQ,3,1
BOP_IMPLIES,BOP_UNTIL,2,12
BOP_EQ,UNOPE_PRIME,2,9
BOPEXPR_,UNOPE_CLOSURE,1,1
UNOPF_ONE,BOPEXPR_,1,52
BOPEXPR_MINUS,BOPEXPR_JOIN,2,18
BOPEXPR_JOIN,BOPEXPR_ARROW,2,2
Dummy for ref,UNOPF_NO,2,2
UNOPE_CARDINALITY,BOPEXPR_INTERSECT,1,4
LIST_FORMULA_2,BOP_IMPLIES,3,4
UNOPF_LONE,BOPEXPR_ARROW,1,11
QT_FORMULA,UNOPF_ONE,1,36
BOP_IMPLIES,UNOPF_SOME,2,835
UNOPE_ONE,Dummy for sig,1,19305
BOP_IMPLIES,UNOPF_SOME,1,1079
BOP_IN,iden,1,21
QT_FORMULA,BOP_GTE,1,1
UNOPE_CLOSURE,UNOPE_TRANSPOSE,1,85
QT_FORMULA,BOP_LT,1,14
UNOPF_BEFORE,BOP_NEQ,1,1
QT_EXPR,RELDECL_0,2,121
BOPEXPR_JOIN,Dummy for field,1,2307
ITE_FORMULA,BOP_IN,1,48
BOP_IMPLIES,LIST_FORMULA_1,1,1627
BOP_IMPLIES,UNOPF_NO,2,214
QT_FORMULA,UNOPF_EVENTUALLY,1,157
BOPEXPR_JOIN,UNOPE_RCLOSURE,1,3
LIST_FORMULA_2,UNOPF_EVENTUALLY,2,1
BOPEXPR_JOIN,Dummy for sig,2,1054
BOP_NOT_IN,UNOPE_PRIME,2,11
QT_EXPR,<END>,3,121
QT_FORMULA,BOP_NOT_IN,1,264
UNOPF_NO,BOPEXPR_ARROW,1,14
UNOPF_NOT,BOP_EQ,1,5
BOP_SINCE,BOP_IN,2,15
UNOPF_ONCE,BOP_EQ,1,2
BOP_IN,UNOPE_CLOSURE,2,2
BOPEXPR_INTERSECT,Dummy for sig,1,1387
BOP_GT,UNOPE_CARDINALITY,1,6
Dummy for ref,QT_EXPR,1,120
UNOPF_NO,Dummy for field,1,50
BOPEXPR_MINUS,Dummy for field,2,4
LIST_FORMULA_1,UNOPF_BEFORE,1,11
LIST_FORMULA_1,BOP_IN,4,32
UNOPF_LONE,Dummy for sig,1,8
UNOPE_CLOSURE,BOPEXPR_JOIN,1,32
BOPEXPR_JOIN,UNOPE_TRANSPOSE,1,183
ITE_FORMULA,UNOPF_NO,2,48
BOPEXPR_PLUS,Dummy for var,1,203
QT_FORMULA,BOP_IN,1,2197
BOPEXPR_DOMAIN,BOPEXPR_JOIN,2,17
BOPEXPR_JOIN,CALL_EXPR,2,5
BOPEXPR_MINUS,BOPEXPR_JOIN,1,17
UNOPF_SOME,BOPEXPR_DOMAIN,1,6
LIST_FORMULA_1,BOP_NEQ,2,29
BOP_SINCE,UNOPF_HISTORICALLY,1,1
BOPEXPR_JOIN,UNOPE_TRANSPOSE,2,168
LIST_FORMULA_2,BOP_IN,2,188
QT_FORMULA,<END>,5,614
BOP_IMPLIES,BOP_SINCE,2,19
BOP_IN,BOPEXPR_ARROW,1,7467
LIST_FORMULA_1,BOP_EQ,2,35
LIST_FORMULA_1,<END>,4,398
BOP_EQ,Dummy for var,2,431
UNOPE_PRIME,BOPEXPR_MINUS,1,1
BOP_NEQ,Dummy for field,2,1
QT_FORMULA,RELDECL_1,4,1
BOP_IMPLIES,UNOPF_HISTORICALLY,2,4
BOPEXPR_JOIN,UNOPE_CLOSURE,1,203
UNOPF_NOT,UNOPF_EVENTUALLY,1,33
BOP_NOT_IN,Dummy for sig,1,43
BOP_IN,UNOPE_PRIME,1,26
BOPEXPR_JOIN,BOPEXPR_JOIN,2,503
BOP_SINCE,UNOPF_EVENTUALLY,1,1
LIST_FORMULA_2,BOP_IMPLIES,5,2
QT_FORMULA,<END>,6,772
LIST_FORMULA_2,BOP_IN,6,14
UNOPF_ALWAYS,LIST_FORMULA_2,1,10
BOP_SINCE,BOP_EQ,2,1
LIST_FORMULA_2,BOP_IN,7,2
BOP_EQ,UNOPE_CLOSURE,1,1
BOP_SINCE,UNOPF_NO,1,2
LIST_FORMULA_2,UNOPF_NOT,2,6
BOPEXPR_INTERSECT,UNOPE_PRIME,2,21
LIST_FORMULA_2,BOP_IN,4,16
LIST_FORMULA_2,BOP_IN,3,58
BOP_GT,1,2,2
UNOPF_BEFORE,BOP_NOT_IN,1,1
BOP_EQ,1,2,3
BOPEXPR_PLUS,BOPEXPR_,1,2
BOPEXPR_INTERSECT,BOPEXPR_ARROW,1,7
BOP_SINCE,UNOPF_SOME,2,5
BOP_IN,BOPEXPR_INTERSECT,1,22
BOP_EQ,UNOPE_PRIME,1,177
QT_FORMULA,BOP_IMPLIES,1,4199
BOPEXPR_JOIN,BOPEXPR_JOIN,1,1385
LIST_FORMULA_2,UNOPF_SOME,1,2
Dummy for ref,UNOPF_LONE,1,48
BOPEXPR_,Dummy for field,1,7
BOP_IMPLIES,UNOPF_ONCE,2,29
LIST_FORMULA_1,UNOPF_LONE,2,12
QT_FORMULA,BOP_IFF,1,5
LIST_FORMULA_2,BOP_IMPLIES,6,2
BOPEXPR_JOIN,Dummy for sig,1,1583
BOP_EQ,BOPEXPR_INTERSECT,1,18
Dummy for ref,BOP_SINCE,1,3
CALL_EXPR,<END>,2,5
Dummy for ref,UNOPF_ONE,1,61
BOPEXPR_DOMAIN,Dummy for sig,2,6
BOPEXPR_DOMAIN,Dummy for var,1,33
LIST_FORMULA_1,BOP_EQ,4,5
BOP_IN,BOPEXPR_DOMAIN,2,1
UNOPF_ALWAYS,ITE_FORMULA,1,1
UNOPF_ALWAYS,BOP_IMPLIES,1,205
Dummy for ref,BOP_IN,1,1242
BOP_IMPLIES,UNOPF_EVENTUALLY,2,100
UNOPF_BEFORE,UNOPF_ONCE,1,1
UNOPF_ALWAYS,BOP_IN,1,63
BOP_NEQ,BOPEXPR_DOMAIN,2,1
LIST_FORMULA_1,UNOPF_ONCE,1,3
ITE_FORMULA,BOP_EQ,3,1
BOPEXPR_MINUS,Dummy for sig,2,287
BOPEXPR_JOIN,BOPEXPR_INTERSECT,1,11
BOPEXPR_INTERSECT,BOPEXPR_JOIN,2,1333
LIST_FORMULA_1,BOP_NEQ,3,46
UNOPF_ONE,BOPEXPR_ARROW,1,5
BOP_UNTIL,UNOPF_NO,1,91
BOPEXPR_SOME_ARROW_ANY,Dummy for sig,1,2
BOPEXPR_MINUS,UNOPE_PRIME,2,1
UNOPF_NOT,BOP_IN,1,51
UNOPF_ALWAYS,BOP_NOT_IN,1,22
BOP_NOT_IN,Dummy for var,1,695
UNOPF_ONCE,UNOPF_SOME,1,38
Dummy for ref,UNOPF_HISTORICALLY,1,3
BOP_IMPLIES,QT_FORMULA,2,468
UNOPE_CLOSURE,UNOPE_RCLOSURE,1,2
BOPEXPR_JOIN,UNOPE_CLOSURE,2,415
UNOPE_CLOSURE,Dummy for field,1,373
