requirement_id	claim_class	claim_sha256
A-01	F/I	909a5f9234b99db72cea8b9980b3650a8a61877c3a40760d1cab6cc5f72bf3ae
A-02	F/I	c1ded876435daca48744a1b141bf66415065abba3ba659fa581320ea81df24ad
A-03	F/I	fff646737cbb7dbdb5f75bab5bc5f3e7f01f2da1c9e3ea59aa2ee0bb5936a81d
A-04	F/I	c98b6507009801f2735a3d08e8aa29e7c4e80d1425a648b0c36aac4125849fc5
A-05	F/I	86e783075dd9bafe3760d434c763431608475f112661d14ccdea9e6aff3f0e09
A-06	F/I	f7ae84f7871d28c56149b43098b4cfa18ff0fe252324b58743b9def2baf527ec
A-07	F/I	a9fb89e85ccf809c3058227d73b62452b70468a4eae41d5dca0beceac2482484
A-08	F/I	0d9efe7d6ae991fc36b1d74bfcb961d49b31ff1870e38b95a3f8f0630a6ec135
A-09	F/I	9c820e5c4cf94515e5ddef62b4aee2c21592505561e85abdb479ac1574530ea1
A-10	F/P	d539e41d9d85920485e989ab8a23b148839d08a5f66e9faac8ef2b9ac160b39e
A-11	F/I	49466708850de79bad154fc93dfcae0e635b422b6eb71e66e8fc4f85b7ed0594
A-12	F/P	f2181d135695b755fa6af22a1c80bf7d4cc1a78d4b31e94225d9ab4e1f239da6
G-01	U/I	a97b31d693fcb38477f7887840306155f1ebdc55a5839f06e08eaced4d36ebdb
G-02	U/P	bcd536d62d0dae60396eb0c2ba10b180af81a0dc89ee2608f11d22a5da6914b5
G-03	U/P	e7ea005566ea59d1721fc250b73de0b155db435a02d9fb2591778cb7830f4057
G-04	U/I	cd94e7bfc46d71a32d8f8566931d2e20aaa63f66ffc679571df09445a44f4b92
G-05	U/I	c2715fb63547d1602f5ed57a5c6fc3c456d489870808878d059061211fe7a633
G-06	U/I	de4b776d7d42767f5796d41bcd1d1201905145807cb9fa955f22d3d3cbea9d47
G-07	U/I	a000debcc2bee801aeed70d648ed615c822c199c59be0ee05685a249532edf66
G-08	P	cbb5463a905bc30a1f410de31a1c22accca867e38ca185545b8e547d22ac7f10
G-09	I	f5f81ea6b991eafb08c0094155fdd92a5367e59d297f1bfc01df16294b2f3e11
G-10	I	3a56ce0a24935ae13c95f3625cb74f90d41b7372e4cbc3bd4133f7e6234f0505
G-11	P	0d69c4a80cc9fd76cfcc51125d35922b3e2e02ef9ab5b3b81d2df9b2c7813040
G-12	I	c2f3490370daf9b8652340f423149e63830113081eb8b6951fa23772fa079b38
G-13	E/P	ccc9f0db05c2bc47bc4b511a1afb1ddfe2c884bf86bc20e8364064474084413d
G-14	P	42c8f6980168678c345681de6892e77a892b789e2a57839233f46fd3a3f20789
G-15	I	cf235ca02c21f5465c106049a488084319dff2177cdfa8c8980428e7ecdc3dbf
G-16	I/P/E	55d8f25a9b45ee3deace85550ff016e29558225d04bad00336f778f07a7c4aa5
G-17	I/P	0083fe6d6b89d25df2fde7924f753fc9be00dfd283a458a9e458792bd0a44fd2
G-18	E/P	0e41d0c95dfc56c17619392d376b857ada14efaef1b4247191d64c09b7f18ebc
P1-01	I	f4486d01f21e8d3c36616c00ec59a4a1a8ae77a0f3cbf1f3766a64c28537f8f3
P1-02	U/I	a2ae0c29fc467113d5b4e73472be65ee06ab23fd3edec8a8f1a6c3bf8064a22a
P1-03	U/I	da23c175799de61eaa74dfdf356927a22977fa424f6e1ace08e79acaca4cdf05
P1-04	U/I	3f21609e7836b9d982bb677409d16207a9715eed342a8a9eaba8a558cf3d37b4
P1-05	U/I	3177b459222015bc1a67e108ca3b636dda3df1fdfe2147121d681cbab6349615
P1-06	U/I	30fb21fcb2a524cc57aa6a240c4380ce349da552b012527be9e41ff988e810f9
P1-07	U/I	d3acdcf133d537dd9ff91a096485f330dbf53cda8c9f223a6bf25f4b156c08f5
P1-08	U/I	d1d676e2e8137b650615102be2d892e26467ddae8c44476f99905f8f21590d7d
P1-09	U/I	88fab51f179dd66df7b0703a9e3d93dac32ffde6432e699709e6ce3ab9bb02d3
P1-10	U/I	9de7836312c59f4bd84f6ab35bb9539dc0c9d377e380ac7c69c76a7f000db478
P1-11	U/I	e52d1a052740761f20b94567a969bce9088fe742f06f3b03b3c181c887edf190
P1-12	U/I	81aa5d98c9d4ac4f3bb10fd959dce626bd82faf45a4928bd8ce5c6df93c17dbe
P1-13	U/I	d88e29bde4aece1145e4645041756e8963b6e5ccd5f8d4e2d98334e00b6c5b2a
P1-14	U/I	44aad69520fd6a108714673bed03eba03f8fa776999470c575e7d718dc196506
P1-15	I/P	54d4d2121c0f1d04cc4fbfda65748f845b226da5cb8b89efc18491de910af381
P1-16	I	2ff9bdd7b3b7112086c0a821d74da9c49a16620a39e6ab62f8b348e4a8d6e052
P1-17	I	ed22045e9aa67456e2d4eb2f334d80c1e3c1524cb099bb1e9d8a3d7dea864db3
P1-18	U/I	37cd24df073638b2e92c29e185e99320e45d7b721554cdfb92b97549130e9123
P1-19	I	fc135df69d2642ebac2bb48cee47019d8e89cf71cde69dd6da898916a11876bb
P1-20	P	4a8f0bb7a7706476d0b43b26e04226c1883239eeeff6df765dbaddd4bb56b217
A2-01	U/I	38ac6b152f7e2176d15f7391a88879242d420feb897662b37ac0aafde3cecd32
A2-02	U/I	5f8748b76ed20d27dc874462c96ae6215e4357216997ea072ea4de0c3f8a98b5
A2-03	U	b7f78a96d5c0dee917d3af6e52f2ae7c0d926eaee7670bf9d74f760b63822479
A2-04	U	e5ed1e70cefbc417e2046ae878201b4c371f9e2223ed11f91e371d4658541e3d
A2-05	U	dd47dbf983c253f843c8b7583869cfa5df16a117f8517fa03a2553938ba7071f
A2-06	F/I	75921bb49ad69c617dfbccf8e31dfd7ed23bf3eb83daf5523811f7cf4a6f10c4
A2-07	U/I	1f73b67ab4d51c8aa6cea982b564d710f2a6711852633153eedd075026a87f6e
A2-08	U/I	bf6c4d114a718433a47d86edd7f729e2225f1fedbbcfef8663076f8783aa579f
A2-09	U/I	b38e626545011035bf8ce43e0b067f937b4e3289e48fe5b351a4ecc55fb93c04
A2-10	U/I	6f51ec6aaf3f637b5f284b2a71c81cc94046d022f78ad079a59a6242e0b658fc
A2-11	P	d12228a367db5e5046a6eb901b867b559db8c57590b6c91ada4e8dd473459ef5
A2-12	P	7238742b9ecea6ad607bbb6fc152d0226175bb229caa2ed5a69352dd5f5aafae
A2-13	P	ae517f5c70c038ebfbf71a9fec589ca0fdcc1df55870e1946c463c875072e326
A2-14	P	155ae3d4bcacf2992bc8fe1294c8ee5f6f5a550e0f246617a3a284c6e66c39c3
A2-15	I/P	b862e84d7ff5369124ec35570dd1c4eec6878b31c213210ffd13fb553e75b81c
A2-16	I	71a9d475059d53bdac10e484990b7e089460598f1f8ad9ceb043117f8b06e968
A2-17	U/I	1424fff8c9cd0a2b823fe7b322e13dee255ff94422964be6992567a63b6b842b
A2-18	U/I	8f67707d24cb3df11432cbf0529468db4ee503c5db4dcdac1ab41f1df9de0e3a
A2-19	U/I	214964f7934381d1d1a1c8e2cabef223ad3b949e3cd49e16df671163e3ba157b
A2-20	P	faa6f1a4c639f3ac9cd5995ee0bd1296074b428fb8ad5bcd81054619d1499009
A2-21	U/I	4bf2b29d09a49228b6013a04ae6d04576b2e092719bf27e3b9a9d320d0fdd6d3
A2-22	U/I	c4c3d3558acdd3162344346a38cf3f320b80486d1626ebdc8d7558cebf129a98
A2-23	U/I	88cd036c148f8baf6ed019c18205184021f9e037772881eb81e1c081ee9c7a2a
A2-24	U/I/P	b8a2af71393a0d31b4a39ecaa99be26a9e24b47701ff53b7370fff22db8749c7
A2-25	P	a216882498a514d63ccf4a77326d4b68e46ca2296012892d295bb0ec23687c0a
A2-26	I/P	2383859cecf4dbfa79f149e0308fde456c5fcb367993b813221961fbd99da6ad
A2-27	U/I/P	1718b5d1293b6aabd0d8f3099333fa7d5b8f97e411b1770d006c16f346c45222
P2-01	U/I	fac798f7c348cf4447dab6e756eed31855f2d049d4a111f93d8f9436cf283cf6
P2-02	U/I	c5ca655e734ee107312eb1f23afcd324739b4c8dfdbd3e89176d31462970c74b
P2-03	U	b88c887a749ff0e6eeae1d4c8fa25815daca7ca7633d857a8cb32440ef4dfeaa
P2-04	U	91f2da39d8b90aa362920d49a580ce4e9266bea034c9ffef4aca843880d1fd3a
P2-05	U/I	b114200dc3396e59e67239676d4d7fce5ceac56b6e9ff6799b889097c9d9339a
P2-06	U/I	2c839b74126cb1fffa416e6b93e58418d51d20025a4a2e7563dcf973734fcfec
P2-07	U/I	b708325769a359fe30bff6af5db19a53351beb8f8234089a125954b2c3206a7e
P2-08	U/I	afe3fc840f072921629394f4d7019b4c9c24a02a6b3f0361a2c7941d572cde9a
P2-09	F/I	1b09f2b05d0a34faa0905f9a65479aa22dd62a44670b64890dfcd54a0faab1d9
P2-10	F/I	7f50ea1852ffdf87e97206d78956e41ebd29722213bd795a426463e965356d72
P2-11	U/I	84f0e523ab22515d09625fd39b8a51d85d1343fd3b08073d0155422cd6d50208
P2-12	F/I	0083271a3f13bcbda49097a05889538db1bb3c9f8fc748645886f99ceeef705f
P2-13	F/I	045cfe4c36afdadece97e8bd66627907558813a515c99e3d60900c8c2165ed04
P2-14	U/I	90580fa8213530641731da222122de6b2857dac50b6d3b49f79241baae89d36e
P2-15	F/I	2987ffb5b4c7996dc25a09fa65e2b799709a45c8ef3338b67046ff90e368bf2b
P2-16	U/I	ae04f7e0f12a960156f639a69db652e044fdc8c2aa39cecf35b7d3132d53ef60
P2-17	U/I	653ed8713894b7003dd496fec5d9f34049bf2e2b4089a176324ee75e7424e527
P2-18	P	4dff4190a5709dd2253c47a941bd934e2b276bd595b7d9a4a581fd647b772735
P2-19	P	19ae22028dc1c50a3f7b92d54a236e8696c1b389ef204e6c5ae764cdab60a354
P2-20	I	96b8ce07afc0aad611a36396786a36cd235e5c553f40611962d168721e70b936
P3-01	U/I	38ae43263de3ae5c80fe60c492bf66afdb85c4f434aaf55d4fa98b7eb1fba686
P3-02	I	121d9cc65d7d9cecfdb855d72dc9a8bb35a7739a1774a5e7e161a9524a49ef1c
P3-03	P	c5733bd96ae6281cc4f3f9fe6d51e66261c20b0b0bf4b3aa426aaa210c7b0fca
P3-04	P	3991aa4c4db10ffcd0bcc1bc0197fda0b30377e422d4804b44dd05fd89bdab89
P3-05	P	55424471ff9ad348d3c3603257809bba4b768fcf53a389c5cb7c799e490ab620
P3-06	P	fa0ab4cd0e16850dd0ec8bdb39c2043837ae3c20ead8ea771b5daafe002a1c67
P3-07	U/P	169eb123f570225f3866ce215ce9558385ef374a795d3849c584282fb840cf91
P3-08	U/P	b3b677e2bbd27f23dd74d92e0010a5db42677ed3443ceb21c68908a9caa0a6e1
P3-09	U/P	680aa55c804d4816f24eebe8bbc5aeff08dd9ba573e589c5fda51f5740fc942f
P3-10	P	413413515277fe133dc56fc4d80e10585618bf045eccafe5ffdd45349fb56ba2
P3-11	P	cb07e2c401b005826f599ccaebea150beb922179ed7f8773e678d07c773bcbaf
P3-12	P	981e681a6eac0f86c48a4aa9a4c95d01b6dafea2492683b66f22eb05f7fe0313
P3-13	I/P	e5f35d45c5799f10455454071df3c72cc22b76b1a6893073126fcfc3f9382ced
P3-14	I/P	d5fc74313d3b13382e223a4b64dd36ed2b4ef0c1ea7eeebb8acad34a58731b0c
P3-15	U/I/P	80da7da76d5f854388a5a5fab6002b0cb2e00160851be975948c14df8545e22c
P3-16	U/I/P	9080df58143d6f8aeaee0b1fa1cc1da32266e19a0995db9424a5ca5b5492de28
P4-01	U/I	a960ef731ffea7cae8081125e29b82017e2b180d8bd545d87c16d94254ca7c61
P4-02	U/I	084ce45f894a4e20927c30843e8aa7851fada2f4385639bd2e3b23a0d3bff5c5
P4-03	U/I	462917090ce0f6a7af44e4d63883a8fcf34de77d8d03d56372cc2a17c885a4a2
P4-04	U/P	ab47c5a21bf9acba434c49c0796b183d63d1a40b8d08fb61c120d67e948d4624
P4-05	U/I	331b981e2d59da0d84483d84d8c8cc19d07c4ce73ca89bfde8aaf0f6bfdb3c54
P4-06	U/P	f2cfca69464ef3a1113b9efa31d2eaa5d82f65d4221e5ea1c920cb2c17791f2a
P4-07	U/I	0bd822921ae2c9f39329fd0cc21480548965c0e02e22a6470e479b1d93ed0a99
P4-08	U/I	9e9ffde2a03d7ad605388bba45460064d6106d4be38dbbafeff2fc2a049af8fe
P4-09	U/I	0a39e5dd9a5342d92f97ea8567bd2ab76a4d4753c6e12d8d9cbe475509782321
P4-10	U/I	4a8255c26148e3ecd590fe0346fcfa764a892d9800d2883c65c9bf2eaa9682e0
P4-11	P	4d40daa73cffd3cc30363c0ddb3f0a5467907489b67460490c28157b37b52fe6
P4-12	P	ff4b8bf192cab83740fe77850b109b4de517715ed1447ab81c700aa3385380ff
P5-01	U/I	1058e7eb242b149f09c6fcd68fc12ed5b9d39375479e803ec7024ebde55e692b
P5-02	U/I	4f67c3bf1336bf18d475a910b2bd81df88a81ec31e1c395c60458a637c766d87
P5-03	U/I	3ffdb7ee391b9a646efc73e75a12d77f50fad794b7033c7e289749b4aa7a158f
P5-04	U/I	8fbb71041b3a429e177e279f94d18f3269ccaeb4d28d5fc05ae951c8e93ca7b1
P5-05	U/I	4252bf755653e6ab1d7954ae66372c23a5df58520d532a0dfef38b7d46ec0652
P5-06	U/I	44498c99ed4894a86433afcd0d0262fe25e136bb0da4574bebf4a2a4fd4ab25e
P5-07	U/I	da74ebe0acd1ce6b63daadf6b3b6d1abd901208b31d3e9381134dc2b5130be83
P5-08	U/I	7b2c8c1094ecd7448db125f0a836fbd21a155b902aee0750477deb109113262f
P5-09	U/I	a783f4e5b721db166f6236966d15ee0bb748825dea1f8afa963b46a94dfd59c4
P5-10	I	fe6e99245458df62856a377aa4b006ea615e6c389fdf31d08fc6abdb045795d1
P5-11	U/I	d47927aa3fbf53685a9009de72bf8e38a3aa860736c74f22d75ebea29e9e7050
P5-12	U/I	40d847f6a1f63a52b785648d6d34c8d59497e7312f0500313a46120c65026cf1
P5-13	U/P	e47c5dc600c156f5a2bc38faf25a1b6f2494a480722e97c2eb56436f4de315b7
P5-14	U/I	99fcfbd81695b38d365749fcceda4328aa3b05d885b0abe2e0bc666d90101be4
P5-15	U/I	14959fe8a629b4661550cf2c51b90cb123c9bc6e9a53974d9201e6abd465c2b1
P6-01	U/I	e625a3fff5e8782c07ad6244c747ac604a4d7d38a8d00826deeab4a69fd8da4f
P6-02	U/I	142c38ccfab12180e1ded0709fd6b76e62d31ba3024ec6525001f9ee71abefb0
P6-03	U/I	45f999c757b05feda276c39aefd8c3cd7a5941e1516d0d1ef3377bc0e54a4c92
P6-04	U/I	7b0dee34e7f1ce3e1774ef70661ff0249a5f8cb0ac81f3a0b6c96860099f471d
P6-05	U/P	b34e6b29a65b25d7df3172e4cbe2616823eddba0802a3fb025b956d81d5cbee9
P6-06	U/P	27a44c285ef9c3d94f0192e868dbdef31b75f30b437c4302d01f45855bf948fb
P6-07	F/I	ae07e21c44f6e74f8dba90cf18facc04a64364d71692260af160b77098267802
P6-08	I	93da2981342fe07d284f85505347dc6f6eee76234b4fb95cd0d4498ea7c5560f
P6-09	U/P	6a274f121f2919d837dbc11d0f4e7aa20981d1512883b4ef1baa8a963e87e48a
P6-10	U/I	27490ad0179b6c1b991380cda7a4a6d698d969eee454f90920862b4c16c64761
P6-11	P	e7ebd891d005c44dbaa58c5b4684fc9862849738159688111f38f8c1a7c09f8d
P6-12	U/I/P	81348c205914caa38cb968d9ae5d8003ee87f20b7ae4540d6b1f8a5b74c21e0b
P6-13	U/P	8a84a56322463d2907cad93c9d40a45df948b23fbdb49071c19c3de9a52bb849
M-01	U/I	411f909cf04e36c7cf147a39e439a8ac4e1f125648ac8bc49ff04e7641f52fb0
M-02	U/I	7a030f495ce3d5c53c5a03316e4471ec0ec56136f0dbad8f568610e31259412c
M-03	U/I	153d1ab1172fc03481af938c9ec7933e2c021a0e8fa37d1179b351bb7630cb0d
M-04	U/I	daafd9ba0fbc0819031fb1db0713ab6e57f11a2d46b43e65334a707aa5c24620
M-05	U/I	ae25f1591bf2444e4a790eecefc661e0d7fb664f85f4489880e5ff3fd4df71e5
M-06	U/I	78c9f0d452f13eabb45b8498cb31675eae64bc22b1ba03b500ecae11f5626b35
M-07	U/I	30b8d68cd64575f4f43092267b09821ce508aa0acf5aa17d714ee089dfd1b8bc
M-08	I	49ce4ec35da6198f8a0d4d474bb1285a9036dfd0fb679f18e74acc339d701e71
