requirement_id	claim_sha256	formal_file	formal_declarations	implementation_refs	test_refs	test_classes	formal_status	conformance_status	notes
A-01	909a5f9234b99db72cea8b9980b3650a8a61877c3a40760d1cab6cc5f72bf3ae	docs/section3-repair-audit/formal/AssuranceTraceability.lean	pass_implies_requirements_decomposed	src/is/fivefivefive/CanDis/Section3AssuranceTraceability.java#validate	src/is/fivefivefive/CanDis/Section3AssuranceTraceabilityTest.java#main	NOMINAL+BOUNDARY+ROBUSTNESS	PROVED	PARTIAL	The checker binds the complete ordered scope to one matrix row per claim; independent review of atomic decomposition remains open
A-02	c1ded876435daca48744a1b141bf66415065abba3ba659fa581320ea81df24ad	docs/section3-repair-audit/formal/AssuranceTraceability.lean	pass_implies_code_or_unsupported_mapping	src/is/fivefivefive/CanDis/Section3AssuranceTraceability.java#validateReferences	src/is/fivefivefive/CanDis/Section3AssuranceTraceabilityTest.java#mutateAndExpect	NOMINAL+BOUNDARY+ROBUSTNESS	PROVED	PARTIAL	Paths and symbols are checked; explicit unsupported-boundary representation remains absent
A-03	fff646737cbb7dbdb5f75bab5bc5f3e7f01f2da1c9e3ea59aa2ee0bb5936a81d	docs/section3-repair-audit/formal/AssuranceTraceability.lean	pass_implies_three_test_classes	src/is/fivefivefive/CanDis/Section3AssuranceTraceability.java#splitSet	src/is/fivefivefive/CanDis/Section3AssuranceTraceabilityTest.java#mutateAndExpect	NOMINAL+BOUNDARY+ROBUSTNESS	PROVED	PARTIAL	Class labels are enforced; explicit expected-result and assertion reachability checks remain absent
A-04	c98b6507009801f2735a3d08e8aa29e7c4e80d1425a648b0c36aac4125849fc5	docs/section3-repair-audit/formal/AssuranceTraceability.lean	pass_implies_formal_evidence;missing_formal_evidence_blocks	src/is/fivefivefive/CanDis/Section3AssuranceTraceability.java#validateFormal	src/is/fivefivefive/CanDis/Section3AssuranceTraceabilityTest.java#mutateAndExpect	NOMINAL+BOUNDARY+ROBUSTNESS	PROVED	PARTIAL	Mapping and admission tokens are checked; pinned Lean execution and explicit-assumption extraction remain external
A-05	86e783075dd9bafe3760d434c763431608475f112661d14ccdea9e6aff3f0e09	docs/section3-repair-audit/formal/AssuranceTraceability.lean	pass_implies_direct_conformance	src/is/fivefivefive/CanDis/Section3AssuranceTraceability.java#validate	src/is/fivefivefive/CanDis/Section3AssuranceTraceabilityTest.java#mutateAndExpect	NOMINAL+BOUNDARY+ROBUSTNESS	PROVED	PARTIAL	DIRECT is enforced as a declared state; semantic reachability requires independent review
A-06	f7ae84f7871d28c56149b43098b4cfa18ff0fe252324b58743b9def2baf527ec	docs/section3-repair-audit/formal/AssuranceTraceability.lean	pass_implies_coverage_or_disposition	MISSING	MISSING	MISSING	PROVED	MISSING	Structural coverage and disposition ledger not implemented
A-07	a9fb89e85ccf809c3058227d73b62452b70468a4eae41d5dca0beceac2482484	docs/section3-repair-audit/formal/AssuranceTraceability.lean	pass_implies_coupling_evidence	MISSING	MISSING	MISSING	PROVED	MISSING	Coupling evidence matrix not implemented
A-08	0d9efe7d6ae991fc36b1d74bfcb961d49b31ff1870e38b95a3f8f0630a6ec135	docs/section3-repair-audit/formal/AssuranceTraceability.lean	pass_implies_resource_bounds	MISSING	MISSING	MISSING	PROVED	MISSING	Bounded runner and exhaustion classification not implemented
A-09	9c820e5c4cf94515e5ddef62b4aee2c21592505561e85abdb479ac1574530ea1	docs/section3-repair-audit/formal/AssuranceTraceability.lean	pass_implies_determinism_evidence	MISSING	MISSING	MISSING	PROVED	MISSING	Fresh-process deterministic evidence not implemented
A-10	d539e41d9d85920485e989ab8a23b148839d08a5f66e9faac8ef2b9ac160b39e	docs/section3-repair-audit/formal/AssuranceTraceability.lean	pass_implies_manifest_complete	MISSING	MISSING	MISSING	PROVED	MISSING	Canonical assurance manifest not implemented
A-11	49466708850de79bad154fc93dfcae0e635b422b6eb71e66e8fc4f85b7ed0594	docs/section3-repair-audit/formal/AssuranceTraceability.lean	pass_implies_no_open_faults;open_fault_blocks	MISSING	MISSING	MISSING	PROVED	MISSING	Machine-readable fault-state checker not implemented
A-12	f2181d135695b755fa6af22a1c80bf7d4cc1a78d4b31e94225d9ab4e1f239da6	docs/section3-repair-audit/formal/AssuranceTraceability.lean	pass_implies_independent_reviews	MISSING	MISSING	MISSING	PROVED	MISSING	Manifest-bound independent review records not implemented
G-01	a97b31d693fcb38477f7887840306155f1ebdc55a5839f06e08eaced4d36ebdb	docs/section3-repair-audit/formal/CrossPhaseContract.lean	policy_fields_are_independently_observable	src/is/fivefivefive/CanDis/theory/ArityPolicy.java#equals;src/is/fivefivefive/CanDis/theory/SiblingQuotient.java#values;src/is/fivefivefive/CanDis/theory/FlatLicense.java#equals;src/is/fivefivefive/CanDis/theory/UnitLicense.java#equals	src/is/fivefivefive/CanDis/TheoryLawPolicyRegressionTest.java#main	NOMINAL+BOUNDARY+ROBUSTNESS	PARTIAL	PARTIAL	The abstract policy projections and bounded constructor probes are mapped; complete accidental-implication and Java refinement coverage remains open
G-02	bcd536d62d0dae60396eb0c2ba10b180af81a0dc89ee2608f11d22a5da6914b5	docs/section3-repair-audit/formal/TrustBoundary.lean	bundle_selected_digest_is_not_authority;digest_disagreement_rejects;parent_pin_cannot_authorize_publication;empty_fixture_pin_authorizes_no_ground_equation	src/is/fivefivefive/CanDis/theory/CertificateTheoryManifest.java#verify;src/is/fivefivefive/CanDis/theory/IndependentCertificateVerifier.java#verify	src/is/fivefivefive/CanDis/theory/CertificateBundleWriterTest.java#main	NOMINAL+BOUNDARY+ROBUSTNESS	PARTIAL	PARTIAL	Fixture authority separation is modeled; independent reviewer provenance and complete fixed-theory Java/wire refinement remain open
G-03	e7ea005566ea59d1721fc250b73de0b155db435a02d9fb2591778cb7830f4057	MISSING	MISSING	MISSING	MISSING	MISSING	MISSING	MISSING	generated skeleton; evidence not yet mapped
G-04	cd94e7bfc46d71a32d8f8566931d2e20aaa63f66ffc679571df09445a44f4b92	MISSING	MISSING	MISSING	MISSING	MISSING	MISSING	MISSING	generated skeleton; evidence not yet mapped
G-05	c2715fb63547d1602f5ed57a5c6fc3c456d489870808878d059061211fe7a633	docs/section3-repair-audit/formal/TemporalAciPhasePresentation.lean	same_order_has_same_coherent_presentation;pair_permutation_has_one_presentation;triple_permutations_have_one_presentation;bounded_certified_aci_pair_has_zero_projection_distance;bounded_certified_aci_triple_has_zero_projection_distance	src/is/fivefivefive/CanDis/metric/RepairProjection.java#CanonicalPhaseProjection	src/is/fivefivefive/CanDis/AlloySourceRuleRegressionTest.java#checkTemporalAciSemanticRegression	NOMINAL+BOUNDARY+ROBUSTNESS	PARTIAL	PARTIAL	Two- and three-sibling temporal ACI permutations have one bounded phase/binder/matrix presentation and zero guarded Java distance; general certified-equality kernel refinement and immutable review remain open
G-06	de4b776d7d42767f5796d41bcd1d1201905145807cb9fa955f22d3d3cbea9d47	MISSING	MISSING	MISSING	MISSING	MISSING	MISSING	MISSING	generated skeleton; evidence not yet mapped
G-07	a000debcc2bee801aeed70d648ed615c822c199c59be0ee05685a249532edf66	MISSING	MISSING	MISSING	MISSING	MISSING	MISSING	MISSING	generated skeleton; evidence not yet mapped
G-08	cbb5463a905bc30a1f410de31a1c22accca867e38ca185545b8e547d22ac7f10	MISSING	MISSING	MISSING	MISSING	MISSING	MISSING	MISSING	generated skeleton; evidence not yet mapped
G-09	f5f81ea6b991eafb08c0094155fdd92a5367e59d297f1bfc01df16294b2f3e11	MISSING	MISSING	MISSING	MISSING	MISSING	MISSING	MISSING	generated skeleton; evidence not yet mapped
G-10	3a56ce0a24935ae13c95f3625cb74f90d41b7372e4cbc3bd4133f7e6234f0505	MISSING	MISSING	MISSING	MISSING	MISSING	MISSING	MISSING	generated skeleton; evidence not yet mapped
G-11	0d69c4a80cc9fd76cfcc51125d35922b3e2e02ef9ab5b3b81d2df9b2c7813040	MISSING	MISSING	MISSING	MISSING	MISSING	MISSING	MISSING	generated skeleton; evidence not yet mapped
G-12	c2f3490370daf9b8652340f423149e63830113081eb8b6951fa23772fa079b38	docs/section3-repair-audit/formal/GuardedPrenex.lean	guarded_lift_requires_inhabited_carrier;empty_carrier_blocks_unconditional_guarded_lift	src/is/fivefivefive/ACGN/visitor/MASGVisitor.java#visitRelDecl;src/is/fivefivefive/CanDis/core/NormalForm.java#hasScopedInhabitedCarrierWitness	src/is/fivefivefive/CanDis/MASGVisitorTypeRegressionTest.java#main	NOMINAL+BOUNDARY+ROBUSTNESS	PARTIAL	PARTIAL	Dependent declaration and empty-carrier guard boundaries are mapped; end-to-end information preservation for every later proof remains open
G-13	ccc9f0db05c2bc47bc4b511a1afb1ddfe2c884bf86bc20e8364064474084413d	MISSING	MISSING	MISSING	MISSING	MISSING	MISSING	MISSING	generated skeleton; evidence not yet mapped
G-14	42c8f6980168678c345681de6892e77a892b789e2a57839233f46fd3a3f20789	MISSING	MISSING	MISSING	MISSING	MISSING	MISSING	MISSING	generated skeleton; evidence not yet mapped
G-15	cf235ca02c21f5465c106049a488084319dff2177cdfa8c8980428e7ecdc3dbf	MISSING	MISSING	MISSING	MISSING	MISSING	MISSING	MISSING	generated skeleton; evidence not yet mapped
G-16	55d8f25a9b45ee3deace85550ff016e29558225d04bad00336f778f07a7c4aa5	MISSING	MISSING	MISSING	MISSING	MISSING	MISSING	MISSING	generated skeleton; evidence not yet mapped
G-17	0083fe6d6b89d25df2fde7924f753fc9be00dfd283a458a9e458792bd0a44fd2	MISSING	MISSING	MISSING	MISSING	MISSING	MISSING	MISSING	generated skeleton; evidence not yet mapped
G-18	0e41d0c95dfc56c17619392d376b857ada14efaef1b4247191d64c09b7f18ebc	MISSING	MISSING	MISSING	MISSING	MISSING	MISSING	MISSING	generated skeleton; evidence not yet mapped
P1-01	f4486d01f21e8d3c36616c00ec59a4a1a8ae77a0f3cbf1f3766a64c28537f8f3	docs/section3-repair-audit/formal/Phase1CallExtraction.lean	valid_creation_capture_is_immediate_and_stable	src/is/fivefivefive/ACGN/visitor/MASGVisitor.java#visitCall;src/is/fivefivefive/ACGN/visitor/MASGVisitor.java#updateTimeOfVisit	src/is/fivefivefive/CanDis/CallExtractionRegressionTest.java#main	NOMINAL+BOUNDARY+ROBUSTNESS	PARTIAL	PARTIAL	The immediate stable-capture contract is explicit in Lean and directly probed in Java; parser-to-MASG transition refinement and structural coverage remain open
P1-02	a2ae0c29fc467113d5b4e73472be65ee06ab23fd3edec8a8f1a6c3bf8064a22a	docs/section3-repair-audit/formal/Phase1CallExtraction.lean	valid_visit_callee_belongs_to_occurrence;valid_visit_arguments_belong_to_occurrence;valid_visit_owns_exact_terminator;valid_visit_has_exact_callee_argument_end_order	src/is/fivefivefive/ACGN/visitor/MASGVisitor.java#validateCompletedCallVisit;src/is/fivefivefive/CanDis/ir/IRAgent.java#validateCallDownlinks	src/is/fivefivefive/CanDis/CallExtractionRegressionTest.java#main	NOMINAL+BOUNDARY+ROBUSTNESS	PROVED	DIRECT	The abstract ownership theorem and cross-visit Java mutations cover callee, arguments, and END; a mechanized MASGEdge refinement is not claimed
P1-03	da23c175799de61eaa74dfdf356927a22977fa424f6e1ace08e79acaca4cdf05	docs/section3-repair-audit/formal/Phase1CallExtraction.lean	valid_visit_has_one_callee;valid_visit_has_exact_callee_identity	src/is/fivefivefive/ACGN/visitor/MASGVisitor.java#validateCompletedCallVisit;src/is/fivefivefive/CanDis/ir/IRAgent.java#validateCallDownlinks;src/is/fivefivefive/ACGN/alloy/CallSymbol.java#matchesTarget	src/is/fivefivefive/CanDis/CallExtractionRegressionTest.java#main	NOMINAL+BOUNDARY+ROBUSTNESS	PROVED	DIRECT	Exact one-callee identity follows formally; missing, duplicate, and forged qualified callee mutations reject at the Java boundary
P1-04	3f21609e7836b9d982bb677409d16207a9715eed342a8a9eaba8a558cf3d37b4	docs/section3-repair-audit/formal/Phase1CallExtraction.lean	valid_visit_has_contiguous_ordered_roles;valid_visit_has_exact_callee_argument_end_order;noncontiguous_roles_reject	src/is/fivefivefive/ACGN/visitor/MASGVisitor.java#validateCompletedCallVisit;src/is/fivefivefive/CanDis/ir/IRAgent.java#validateCallDownlinks	src/is/fivefivefive/CanDis/CallExtractionRegressionTest.java#main	NOMINAL+BOUNDARY+ROBUSTNESS	PROVED	DIRECT	Contiguous source-ordered roles and the full edge layout are proved abstractly and attacked at the Java boundary
P1-05	3177b459222015bc1a67e108ca3b636dda3df1fdfe2147121d681cbab6349615	docs/section3-repair-audit/formal/Phase1CallExtraction.lean	call_term_equality_preserves_argument_order;swapped_arguments_are_distinct;capture_preserves_parser_key_and_argument_order	src/is/fivefivefive/ACGN/visitor/MASGVisitor.java#visitCall;src/is/fivefivefive/CanDis/ir/IRAgent.java#buildEGraph;src/is/fivefivefive/ACGN/codegen/Generator.java#toCode	src/is/fivefivefive/CanDis/CallExtractionRegressionTest.java#main	NOMINAL+BOUNDARY+ROBUSTNESS	PARTIAL	DIRECT	The source-record capture model preserves order and Java tests distinguish h[a,b] from h[b,a] across boundaries; parser-object refinement is not mechanized
P1-06	30fb21fcb2a524cc57aa6a240c4380ce349da552b012527be9e41ff988e810f9	docs/section3-repair-audit/formal/Phase1CallExtraction.lean	valid_visit_uses_declared_arity;observed_arity_cannot_replace_declared_arity	src/is/fivefivefive/ACGN/visitor/MASGVisitor.java#resolveCallable;src/is/fivefivefive/ACGN/alloy/AlloyLibraryCallableLedger.java#require;src/is/fivefivefive/CanDis/core/CallMetadata.java#require	src/is/fivefivefive/CanDis/CallExtractionRegressionTest.java#main	NOMINAL+BOUNDARY+ROBUSTNESS	PARTIAL	DIRECT	Declared arity controls validity and Java rejects truncated, extended, and corrupted arities; declaration and ledger provenance are outside the Lean model
P1-07	d3acdcf133d537dd9ff91a096485f330dbf53cda8c9f223a6bf25f4b156c08f5	docs/section3-repair-audit/formal/Phase1CallExtraction.lean	valid_visit_owns_exact_terminator;valid_visit_has_exact_callee_argument_end_order;missing_end_rejects;foreign_end_rejects;end_before_arguments_rejects	src/is/fivefivefive/ACGN/visitor/MASGVisitor.java#validateCompletedCallVisit;src/is/fivefivefive/CanDis/ir/IRAgent.java#validateCallDownlinks;src/is/fivefivefive/ACGN/codegen/Generator.java#validatedCallEdges	src/is/fivefivefive/CanDis/CallExtractionRegressionTest.java#main	NOMINAL+BOUNDARY+ROBUSTNESS	PROVED	DIRECT	The exact owned END and its final position are proved and malformed END layouts reject in the bounded Java matrix
P1-08	d1d676e2e8137b650615102be2d892e26467ddae8c44476f99905f8f21590d7d	docs/section3-repair-audit/formal/Phase1CallExtraction.lean	accepted_visit_is_complete_and_has_no_fallback;missing_end_rejects;foreign_end_rejects;noncontiguous_roles_reject;foreign_callee_visit_rejects;foreign_argument_visit_rejects;wrong_callee_identity_rejects;end_before_arguments_rejects	src/is/fivefivefive/CanDis/ir/IRAgent.java#downlinksFor;src/is/fivefivefive/CanDis/ir/IRAgent.java#validateCallDownlinks;src/is/fivefivefive/ACGN/visitor/MASGVisitor.java#validateCompletedCallVisit	src/is/fivefivefive/CanDis/CallExtractionRegressionTest.java#main	NOMINAL+BOUNDARY+ROBUSTNESS	PARTIAL	DIRECT	The formal accepted interface carries ValidVisit and the bounded Java malformed matrix reaches the CALL-specific fail-closed path; complete search-algorithm refinement remains open
P1-09	88fab51f179dd66df7b0703a9e3d93dac32ffde6432e699709e6ce3ab9bb02d3	docs/section3-repair-audit/formal/Phase1CallExtraction.lean	occurrence_ledger_prevents_reuse;duplicated_occurrence_is_rejected	src/is/fivefivefive/CanDis/ir/IRAgent.java#downlinksFor;src/is/fivefivefive/CanDis/ir/IRAgent.java#nextTov;src/is/fivefivefive/ACGN/alloy/CallSymbol.java#getOccurrenceId	src/is/fivefivefive/CanDis/CallExtractionRegressionTest.java#main	NOMINAL+BOUNDARY+ROBUSTNESS	PARTIAL	DIRECT	Uniqueness implies nonreuse in the model and reused nested occurrences reject in Java; establishment of the model premise is not mechanized
P1-10	9de7836312c59f4bd84f6ab35bb9539dc0c9d377e380ac7c69c76a7f000db478	docs/section3-repair-audit/formal/Phase1CallExtraction.lean	zero_argument_call_is_valid;valid_visit_has_one_callee;valid_visit_owns_exact_terminator	src/is/fivefivefive/ACGN/visitor/MASGVisitor.java#visitCall;src/is/fivefivefive/ACGN/visitor/MASGVisitor.java#validateCompletedCallVisit;src/is/fivefivefive/CanDis/core/CallMetadata.java#require	src/is/fivefivefive/CanDis/CallExtractionRegressionTest.java#main	NOMINAL+BOUNDARY+ROBUSTNESS	PARTIAL	DIRECT	A concrete zero-argument witness retains callee, arity zero, and END; local and imported Java fixtures exercise the general implementation
P1-11	e52d1a052740761f20b94567a969bce9088fe742f06f3b03b3c181c887edf190	docs/section3-repair-audit/formal/Phase1CallExtraction.lean	equal_call_keys_preserve_kind	src/is/fivefivefive/ACGN/alloy/CallSymbol.java#getKind;src/is/fivefivefive/CanDis/core/CallMetadata.java#semanticKey;src/is/fivefivefive/CanDis/theory/TheoryAlloyAdapter.java#semanticHead	src/is/fivefivefive/CanDis/CallExtractionRegressionTest.java#main	NOMINAL+BOUNDARY+ROBUSTNESS	PROVED	DIRECT	Call-key equality preserves kind and Java distinguishes predicate and function calls sharing a spelling
P1-12	81aa5d98c9d4ac4f3bb10fd959dce626bd82faf45a4928bd8ce5c6df93c17dbe	docs/section3-repair-audit/formal/Phase1CallExtraction.lean	equal_call_keys_preserve_qualified_identity;same_spelling_wrong_qualified_target_rejects;exact_complete_callee_target_accepts	src/is/fivefivefive/ACGN/visitor/MASGVisitor.java#registerCallable;src/is/fivefivefive/ACGN/visitor/MASGVisitor.java#resolveCallable;src/is/fivefivefive/ACGN/alloy/CallSymbol.java#getCallee;src/is/fivefivefive/CanDis/core/CallMetadata.java#semanticKey	src/is/fivefivefive/CanDis/CallExtractionRegressionTest.java#main	NOMINAL+BOUNDARY+ROBUSTNESS	PROVED	DIRECT	Qualified target identity is retained and same-spelling wrong-module substitutions reject in extraction and generation
P1-13	d88e29bde4aece1145e4645041756e8963b6e5ccd5f8d4e2d98334e00b6c5b2a	docs/section3-repair-audit/formal/Phase1CallExtraction.lean	equal_call_keys_preserve_declared_arity	src/is/fivefivefive/ACGN/alloy/CallSymbol.java#getDeclaredArity;src/is/fivefivefive/CanDis/core/CallMetadata.java#require;src/is/fivefivefive/CanDis/core/CallMetadata.java#semanticKey	src/is/fivefivefive/CanDis/CallExtractionRegressionTest.java#main	NOMINAL+BOUNDARY+ROBUSTNESS	PROVED	DIRECT	Call-key equality retains declared arity and direct Java arity mutations reject
P1-14	44aad69520fd6a108714673bed03eba03f8fa776999470c575e7d718dc196506	docs/section3-repair-audit/formal/Phase1CallExtraction.lean	equal_call_keys_preserve_authority	src/is/fivefivefive/ACGN/alloy/CallSymbol.java#getArityAuthority;src/is/fivefivefive/CanDis/core/CallMetadata.java#require;src/is/fivefivefive/CanDis/core/CallMetadata.java#semanticKey	src/is/fivefivefive/CanDis/CallExtractionRegressionTest.java#main	NOMINAL+BOUNDARY+ROBUSTNESS	PROVED	DIRECT	Call-key equality retains the authority field and Java distinguishes local declaration, pinned library, and rejected unknown authority
P1-15	54d4d2121c0f1d04cc4fbfda65748f845b226da5cb8b89efc18491de910af381	docs/section3-repair-audit/formal/Phase1CallExtraction.lean	accepted_import_is_exact_fixed_ledger_member;unlisted_import_is_rejected	src/is/fivefivefive/ACGN/alloy/AlloyLibraryCallableLedger.java#require;src/is/fivefivefive/ACGN/alloy/AlloyLibraryCallableLedger.java#signatures;src/is/fivefivefive/ACGN/visitor/MASGVisitor.java#resolveCallable	src/is/fivefivefive/CanDis/CallExtractionRegressionTest.java#main	NOMINAL+BOUNDARY+ROBUSTNESS	PARTIAL	DIRECT	The formal admission model accepts exact fixed-ledger membership only and Java rejects unpinned or corrupted members; authenticity against upstream Alloy libraries remains external
P1-16	2ff9bdd7b3b7112086c0a821d74da9c49a16620a39e6ab62f8b348e4a8d6e052	docs/section3-repair-audit/formal/Phase1CallExtraction.lean	call_policy_is_ordered_nonflat_noncommutative_nonidempotent	src/is/fivefivefive/CanDis/core/AlloyOperatorPolicy.java#forShape;src/is/fivefivefive/CanDis/core/EGraphNode.java#appendSortKey;src/is/fivefivefive/CanDis/core/CallMetadata.java#require	src/is/fivefivefive/CanDis/TheoryLawPolicyRegressionTest.java#main;src/is/fivefivefive/CanDis/CallExtractionRegressionTest.java#main	NOMINAL+BOUNDARY+ROBUSTNESS	PARTIAL	DIRECT	The exact CALL policy tuple is modeled and Java policy plus nested argument probes retain sequence order and multiplicity; full policy-to-observation refinement is open
P1-17	ed22045e9aa67456e2d4eb2f334d80c1e3c1524cb099bb1e9d8a3d7dea864db3	docs/section3-repair-audit/formal/Phase1CallExtraction.lean	generation_preserves_source_order;generation_preserves_exact_identity_and_source_order;generation_rejects_same_spelling_wrong_qualified_target	src/is/fivefivefive/ACGN/codegen/Generator.java#toCode;src/is/fivefivefive/ACGN/codegen/Generator.java#validatedCallEdges	src/is/fivefivefive/CanDis/CallExtractionRegressionTest.java#main	NOMINAL+BOUNDARY+ROBUSTNESS	PROVED	DIRECT	Generation preserves the complete modeled key and argument order; the repaired Java boundary now rejects same-spelling wrong-qualified targets
P1-18	37cd24df073638b2e92c29e185e99320e45d7b721554cdfb92b97549130e9123	docs/section3-repair-audit/formal/Phase1CallExtraction.lean	nested_call_differs_from_single;nested_call_returns_input	src/is/fivefivefive/ACGN/visitor/MASGVisitor.java#visitCall;src/is/fivefivefive/CanDis/ir/IRAgent.java#buildEGraph;src/is/fivefivefive/CanDis/CanonicalAlloyPipeline.java#prepare	src/is/fivefivefive/CanDis/CallExtractionRegressionTest.java#main	NOMINAL+BOUNDARY+ROBUSTNESS	PROVED	DIRECT	The two-cycle finite model proves the semantic distinction and an independent Alloy instance fixture corroborates it
P1-19	fc135df69d2642ebac2bb48cee47019d8e89cf71cde69dd6da898916a11876bb	docs/section3-repair-audit/formal/Phase1CallExtraction.lean	nested_mixed_call_preserves_both_callees_and_ownership;nested_mixed_call_occurrences_are_distinct	src/is/fivefivefive/ACGN/visitor/MASGVisitor.java#visitCall;src/is/fivefivefive/CanDis/ir/IRAgent.java#buildEGraph;src/is/fivefivefive/CanDis/theory/CallOccurrenceCertificate.java#create	src/is/fivefivefive/CanDis/CallExtractionRegressionTest.java#main	NOMINAL+BOUNDARY+ROBUSTNESS	PARTIAL	PARTIAL	The recursive formal tree retains both callees and distinct occurrences and Java checks MASG/IR nesting; standalone wire ownership coverage remains incomplete
P1-20	4a8f0bb7a7706476d0b43b26e04226c1883239eeeff6df765dbaddd4bb56b217	docs/section3-repair-audit/formal/Phase1CallExtraction.lean	equal_wire_evidence_preserves_every_serialized_field;valid_wire_evidence_has_exact_roles_and_ordered_endpoint_count;wire_field_projection_is_injective	src/is/fivefivefive/CanDis/theory/CallOccurrenceCertificate.java#requireExactBinding;src/is/fivefivefive/CanDis/theory/CallOccurrenceCertificate.java#buildStructuralKey;src/is/fivefivefive/CanDis/theory/CertificateBundleWriter.java#callOccurrence;certificate-verifier/src/org/acgn/cert/SemanticEvidenceVerifier.java#verifyCallOccurrences	src/is/fivefivefive/CanDis/theory/CertificateBundleWriterTest.java#main;certificate-verifier/test/org/acgn/cert/ProducerSemanticEvidenceMutationTest.java#main	NOMINAL+BOUNDARY+ROBUSTNESS	PROVED	DIRECT	The parallel wire record is field-injective and scalar, endpoint, role, and order mutations reject; no Java-byte-to-Lean refinement theorem is claimed
A2-01	38ac6b152f7e2176d15f7391a88879242d420feb897662b37ac0aafde3cecd32	docs/section3-repair-audit/formal/PhaseA2DependentChains.lean	arrow_order_is_observable;join_order_is_observable	src/is/fivefivefive/CanDis/theory/TypedENode.java#constructDependentChainCertified;src/is/fivefivefive/CanDis/theory/SeqPortSchema.java#dependent;certificate-verifier/src/org/acgn/cert/SemanticEvidenceVerifier.java#verifyDependentChain	src/is/fivefivefive/CanDis/theory/TheoryDependentChainTest.java#main;src/is/fivefivefive/CanDis/CanonicalAlloyPipelineTest.java#main;certificate-verifier/test/org/acgn/cert/ProducerSemanticEvidenceMutationTest.java#main	NOMINAL+BOUNDARY+ROBUSTNESS	PARTIAL	DIRECT	Finite ARROW and JOIN sequence witnesses observe swaps and producer/verifier role-order attacks reject; Java-to-Lean Seq refinement remains open
A2-02	5f8748b76ed20d27dc874462c96ae6215e4357216997ea072ea4de0c3f8a98b5	docs/section3-repair-audit/formal/PhaseA2DependentChains.lean	arrow_duplicate_is_preserved;join_duplicate_is_preserved	src/is/fivefivefive/CanDis/theory/TypedENode.java#constructDependentChainCertified;src/is/fivefivefive/CanDis/theory/SeqPortSchema.java#dependent;certificate-verifier/src/org/acgn/cert/SemanticEvidenceVerifier.java#verifyDependentChain	src/is/fivefivefive/CanDis/theory/TheoryDependentChainTest.java#main;certificate-verifier/test/org/acgn/cert/ProducerSemanticEvidenceMutationTest.java#main	NOMINAL+BOUNDARY+ROBUSTNESS	PARTIAL	DIRECT	Both formal sequence carriers retain duplicates; direct ARROW and same-leaf JOIN fixtures plus wire substitution attacks preserve multiplicity, while a whole-implementation refinement remains open
A2-03	b7f78a96d5c0dee917d3af6e52f2ae7c0d926eaee7670bf9d74f760b63822479	docs/section3-repair-audit/formal/PhaseA2DependentChains.lean	arrow_reassociation	src/is/fivefivefive/CanDis/theory/DependentChainKind.java#combine;src/is/fivefivefive/CanDis/theory/DependentChainKind.java#fold	src/is/fivefivefive/CanDis/theory/TheoryDependentChainTest.java#main;src/is/fivefivefive/CanDis/CanonicalAlloyPipelineTest.java#main	NOMINAL+BOUNDARY+ROBUSTNESS	PROVED	DIRECT	Ordered column concatenation is associative in Lean and parsed Java association pairs have one certified result
A2-04	e5ed1e70cefbc417e2046ae878201b4c371f9e2223ed11f91e371d4658541e3d	docs/section3-repair-audit/formal/PhaseA2DependentChains.lean	guarded_join_tuple_reassociation;guarded_join_relation_reassociation;binary_interior_join_has_flat_license	src/is/fivefivefive/CanDis/theory/DependentChainTheory.java#requireSoundFlattening;certificate-verifier/src/org/acgn/cert/SemanticEvidenceVerifier.java#requireSoundDependentFlattening	src/is/fivefivefive/CanDis/theory/TheoryDependentChainTest.java#main;src/is/fivefivefive/CanDis/CanonicalAlloyPipelineTest.java#main	NOMINAL+BOUNDARY+ROBUSTNESS	PARTIAL	DIRECT	The ternary guarded relation theorem and Java arbitrary-chain guard support licensed reassociation; a mechanized arbitrary-length refinement remains open
A2-05	dd47dbf983c253f843c8b7583869cfa5df16a117f8517fa03a2553938ba7071f	docs/section3-repair-audit/formal/PhaseA2DependentChains.lean	unguarded_join_left_value;unguarded_join_right_value;unguarded_join_is_not_associative	src/is/fivefivefive/CanDis/theory/DependentChainTheory.java#requireSoundFlattening;src/is/fivefivefive/CanDis/theory/TheoryAlloyAdapter.java#constructDependentChainOperand;src/is/fivefivefive/CanDis/metric/RepairProjection.java#projectDependentChain	src/is/fivefivefive/CanDis/theory/TheoryDependentChainTest.java#main;src/is/fivefivefive/CanDis/CanonicalAlloyPipelineTest.java#main	NOMINAL+BOUNDARY+ROBUSTNESS	PROVED	DIRECT	An exact finite unary-interior counterexample proves unsoundness and Java retains the unlicensed binary association
A2-06	75921bb49ad69c617dfbccf8e31dfd7ed23bf3eb83daf5523811f7cf4a6f10c4	docs/section3-repair-audit/formal/PhaseA2DependentChains.lean	unary_interior_join_has_no_flat_license;binary_interior_join_has_flat_license	src/is/fivefivefive/CanDis/theory/DependentChainTheory.java#requireSoundFlattening;certificate-verifier/src/org/acgn/cert/SemanticEvidenceVerifier.java#requireSoundDependentFlattening	src/is/fivefivefive/CanDis/theory/TheoryDependentChainTest.java#main	NOMINAL+BOUNDARY+ROBUSTNESS	PARTIAL	DIRECT	Concrete unary and binary guards agree with direct producer and verifier probes; complete loop refinement is open
A2-07	1f73b67ab4d51c8aa6cea982b564d710f2a6711852633153eedd075026a87f6e	docs/section3-repair-audit/formal/PhaseA2DependentChains.lean	exact_relation_leaf;primitive_int_leaf;primitive_carrier_leaf	src/is/fivefivefive/CanDis/theory/DependentChainTheory.java#requireLeafTypeProof;src/is/fivefivefive/CanDis/theory/DependentChainTheory.java#leafTypeProof;certificate-verifier/src/org/acgn/cert/SemanticEvidenceVerifier.java#requireLeafTypeRule	src/is/fivefivefive/CanDis/theory/TheoryDependentChainTest.java#main;certificate-verifier/test/org/acgn/cert/ProducerSemanticEvidenceMutationTest.java#main	NOMINAL+BOUNDARY+ROBUSTNESS	PARTIAL	PARTIAL	The two admitted relation-view families are formalized and Java checks independent leaf proofs; every leaf wire field is not yet mutated independently
A2-08	bf6c4d114a718433a47d86edd7f729e2225f1fedbbcfef8663076f8783aa579f	docs/section3-repair-audit/formal/PhaseA2DependentChains.lean	successful_relation_view_has_only_two_rule_families;parameter_spelling_has_no_independent_authority	src/is/fivefivefive/CanDis/theory/DependentChainTheory.java#requireLeafTypeProof;certificate-verifier/src/org/acgn/cert/SemanticEvidenceVerifier.java#requireLeafTypeRule	src/is/fivefivefive/CanDis/theory/TheoryDependentChainTest.java#main;src/is/fivefivefive/CanDis/CanonicalAlloyPipelineTest.java#main	NOMINAL+BOUNDARY+ROBUSTNESS	PROVED	DIRECT	The v4 policy admits exact relation views and primitive INT/carrier singleton views only; forged ParameterN spelling and unsupported constructors fail closed
A2-09	b38e626545011035bf8ce43e0b067f937b4e3289e48fe5b351a4ecc55fb93c04	docs/section3-repair-audit/formal/PhaseA2DependentChains.lean	unsupported_leaf_has_no_proof;absent_type_does_not_invent_univ;explicit_univ_has_no_chain_typing_authority;explicit_polymorphism_receives_no_flat_certificate	src/is/fivefivefive/CanDis/theory/DependentChainTheory.java#relationViewFromStoredType;src/is/fivefivefive/CanDis/theory/DependentChainTheory.java#requireSoundFlattening;src/is/fivefivefive/CanDis/theory/TheoryAlloyAdapter.java#dependentChainInput;src/is/fivefivefive/CanDis/theory/TheoryAlloyAdapter.java#requireTypeName	src/is/fivefivefive/CanDis/theory/TheoryDependentChainTest.java#main;src/is/fivefivefive/CanDis/CanonicalAlloyPipelineTest.java#main	NOMINAL+BOUNDARY+ROBUSTNESS	PROVED	DIRECT	Missing, unsupported, and explicitly polymorphic views receive no flattening authority; explicit univ remains source data rather than fabricated proof
A2-10	0734e82d9e37317a007a714d0f63bd4de34a02954dbd8ae825aeae326b3a76eb	docs/section3-repair-audit/formal/PhaseA2DependentChains.lean	valid_dependent_fold_rechecks_every_step_and_exact_result;dependent_fold_result_is_unique	src/is/fivefivefive/CanDis/theory/DependentChainKind.java#combine;src/is/fivefivefive/CanDis/theory/DependentChainKind.java#fold;src/is/fivefivefive/CanDis/theory/DependentChainCertificate.java#createProduction;certificate-verifier/src/org/acgn/cert/SemanticEvidenceVerifier.java#requireChainCombination	src/is/fivefivefive/CanDis/theory/TheoryDependentChainTest.java#main;src/is/fivefivefive/CanDis/CanonicalAlloyPipelineTest.java#main;certificate-verifier/test/org/acgn/cert/ProducerSemanticEvidenceMutationTest.java#main	NOMINAL+BOUNDARY+ROBUSTNESS	PARTIAL	DIRECT	The formal accepted fold has a unique exact result and Java rechecks every combination boundary; a whole-method refinement theorem remains open
A2-11	3ee189c33a3fe52f46c38ae54927c5e4e40a6ebdc68856196121a8c8f3a93a32	docs/section3-repair-audit/formal/PhaseA2DependentChains.lean	equal_complete_chain_indices_bind_every_field;complete_chain_index_fields_are_injective	src/is/fivefivefive/CanDis/theory/DependentChainCertificate.java#createProduction;src/is/fivefivefive/CanDis/theory/CertificateBundleWriter.java#dependentChainConstruction;certificate-verifier/src/org/acgn/cert/SemanticEvidenceVerifier.java#verifyDependentChain	certificate-verifier/test/org/acgn/cert/ProducerSemanticEvidenceMutationTest.java#main;src/is/fivefivefive/CanDis/theory/CertificateBundleWriterTest.java#main	NOMINAL+BOUNDARY+ROBUSTNESS	PARTIAL	PARTIAL	The complete abstract index is field-injective and many producer/verifier mutations reject; profile, target, version, digest, and every type encoding are not each independently mutated
A2-12	7238742b9ecea6ad607bbb6fc152d0226175bb229caa2ed5a69352dd5f5aafae	docs/section3-repair-audit/formal/PhaseA2DependentChains.lean	accepted_binding_has_exact_path_and_content;same_typed_source_swap_rejects;post_certificate_content_mutation_rejects	src/is/fivefivefive/CanDis/theory/TheoryAlloyAdapter.java#indexSourceOccurrencePaths;src/is/fivefivefive/CanDis/theory/TheoryAlloyAdapter.java#sourceOccurrenceCommitment;src/is/fivefivefive/CanDis/theory/TheoryAlloyAdapter.java#requireMatches;src/is/fivefivefive/CanDis/core/EGraphNode.java#dependentChainSourceContentCommitment	src/is/fivefivefive/CanDis/CanonicalAlloyPipelineTest.java#main;certificate-verifier/test/org/acgn/cert/ProducerSemanticEvidenceMutationTest.java#main	NOMINAL+BOUNDARY+ROBUSTNESS	PARTIAL	PARTIAL	Path and content equality plus swap and post-certificate mutation rejection are modeled; Java path-generation determinism and independent reconstruction of the Fast Rewrite content scalar remain open
A2-13	ae517f5c70c038ebfbf71a9fec589ca0fdcc1df55870e1946c463c875072e326	docs/section3-repair-audit/formal/PhaseA2DependentChains.lean	accepted_binding_certificate_commits_to_source;typed_source_substitution_rejects;certificate_source_substitution_rejects	src/is/fivefivefive/CanDis/theory/TheoryAlloyAdapter.java#sourceOccurrenceCommitment;src/is/fivefivefive/CanDis/theory/DependentChainCertificate.java#sourceOccurrenceCommitment;certificate-verifier/src/org/acgn/cert/SemanticEvidenceVerifier.java#requireDependentChainSourceOccurrenceCommitment	src/is/fivefivefive/CanDis/CanonicalAlloyPipelineTest.java#main;certificate-verifier/test/org/acgn/cert/ProducerSemanticEvidenceMutationTest.java#main	NOMINAL+BOUNDARY+ROBUSTNESS	PROVED	DIRECT	The certificate source equals the accepted typed source and typed-source or certificate-source substitutions reject
A2-14	155ae3d4bcacf2992bc8fe1294c8ee5f6f5a550e0f246617a3a284c6e66c39c3	docs/section3-repair-audit/formal/PhaseA2DependentChains.lean	lineage_transfer_is_functional;one_certificate_cannot_replay_over_two_roots	src/is/fivefivefive/CanDis/theory/TheoryAlloyAdapter.java#transferTo;src/is/fivefivefive/CanDis/theory/TheoryAlloyAdapter.java#requireLineage;src/is/fivefivefive/CanDis/theory/TheoryAlloyAdapter.java#requireMatches;src/is/fivefivefive/CanDis/metric/RepairProjection.java#from	src/is/fivefivefive/CanDis/CanonicalAlloyPipelineTest.java#main	NOMINAL+BOUNDARY+ROBUSTNESS	PARTIAL	DIRECT	Functional lineage and injective replay are proved under explicit premises and duplicate-root transfer attacks exercise the Java implementation; premise establishment is not mechanized
A2-15	b862e84d7ff5369124ec35570dd1c4eec6878b31c213210ffd13fb553e75b81c	docs/section3-repair-audit/formal/PhaseA2DependentChains.lean	admitted_construction_has_concrete_recorded_source_application;unrecorded_construction_is_not_admitted	src/is/fivefivefive/CanDis/theory/ConstructionSourceLedger.java#recordDependentChain;src/is/fivefivefive/CanDis/theory/TheoryAlloyAdapter.java#constructDependentChainOperand;src/is/fivefivefive/CanDis/theory/CertifiedSemanticArtifact.java#validateConstructionCoverage;certificate-verifier/src/org/acgn/cert/SemanticEvidenceVerifier.java#verifyEvidenceCoverage	certificate-verifier/test/org/acgn/cert/ProducerSemanticEvidenceMutationTest.java#main	NOMINAL+BOUNDARY+ROBUSTNESS	PARTIAL	DIRECT	The abstract admission theorem requires exact ledger membership and coordinated omission, extra, cross-replay, and source-owner mutations reject in Java; parser-to-ledger refinement remains open
A2-16	71a9d475059d53bdac10e484990b7e089460598f1f8ad9ceb043117f8b06e968	docs/section3-repair-audit/formal/PhaseA2DependentChains.lean	unsupported_chain_falls_back_to_exact_fixed_binary;unsupported_chain_fallback_has_no_equality_authority;explicit_polymorphism_receives_no_flat_certificate;concrete_result_mismatch_rejects	src/is/fivefivefive/CanDis/theory/TheoryAlloyAdapter.java#constructDependentChainOperand;src/is/fivefivefive/CanDis/theory/TheoryAlloyAdapter.java#dependentChainApplication;src/is/fivefivefive/CanDis/theory/DependentChainTheory.java#requireSoundFlattening	src/is/fivefivefive/CanDis/CanonicalAlloyPipelineTest.java#main;src/is/fivefivefive/CanDis/theory/TheoryDependentChainTest.java#main	NOMINAL+BOUNDARY+ROBUSTNESS	PARTIAL	PARTIAL	The formal fallback is exact fixed-binary with no authority and selected unsupported Java constructors follow it; exhaustive constructor nonadmission remains open
A2-17	1424fff8c9cd0a2b823fe7b322e13dee255ff94422964be6992567a63b6b842b	docs/section3-repair-audit/formal/PhaseA2DependentChains.lean	accepted_projection_rechecks_occurrence_and_every_bound_index;accepted_binding_has_exact_lineage;accepted_binding_has_exact_path_and_content	src/is/fivefivefive/CanDis/metric/RepairProjection.java#from;src/is/fivefivefive/CanDis/metric/RepairProjection.java#projectDependentChain;src/is/fivefivefive/CanDis/metric/RepairProjection.java#collectDependentChainLeaves;src/is/fivefivefive/CanDis/metric/RepairProjection.java#dependentLeafType	src/is/fivefivefive/CanDis/CanonicalAlloyPipelineTest.java#main	NOMINAL+BOUNDARY+ROBUSTNESS	PARTIAL	DIRECT	Accepted projection rechecks immutable binding and exact index in the formal model, and Java rechecks artifact membership, injective use, occurrence, kind, result, order, and types
A2-18	8f67707d24cb3df11432cbf0529468db4ee503c5db4dcdac1ab41f1df9de0e3a	docs/section3-repair-audit/formal/PhaseA2DependentChains.lean	readable_spelling_is_not_an_edit;exact_type_change_is_one_edit	src/is/fivefivefive/CanDis/metric/RepairProjection.java#repairPayload;src/is/fivefivefive/CanDis/metric/RepairProjection.java#repairSemanticPayload;src/is/fivefivefive/CanDis/metric/QuotientRepairDistance.java#updateCost	src/is/fivefivefive/CanDis/metric/QuotientRepairDistanceTest.java#main	NOMINAL+BOUNDARY+ROBUSTNESS	PROVED	DIRECT	The abstract atom metric and direct Java probes assign zero to spelling-only changes and one to exact semantic type changes
A2-19	214964f7934381d1d1a1c8e2cabef223ad3b949e3cd49e16df671163e3ba157b	docs/section3-repair-audit/formal/PhaseA2DependentChains.lean	licensed_reassociation_is_certified_equal_and_zero_distance;unlicensed_reassociation_is_not_certified_and_remains_nonzero	src/is/fivefivefive/CanDis/CanonicalAlloyPipeline.java#distanceEvaluation;src/is/fivefivefive/CanDis/metric/RepairProjection.java#projectDependentChain;src/is/fivefivefive/CanDis/metric/QuotientRepairDistance.java#evaluate	src/is/fivefivefive/CanDis/CanonicalAlloyPipelineTest.java#main	NOMINAL+BOUNDARY+ROBUSTNESS	PARTIAL	DIRECT	The bounded metric-kernel model and parsed fixtures give zero only to licensed JOIN or ARROW reassociation and nonzero to the unary-interior counterexample; universal cross-phase refinement remains open
A2-20	60b734fe91a547e3ffbb05dd4bf6f1a87c1e4150fc692ad92767d443767371c8	docs/section3-repair-audit/formal/PhaseA2DependentChains.lean	accepted_chain_wire_replay_reconstructs_every_committed_field;any_chain_wire_field_difference_rejects	src/is/fivefivefive/CanDis/theory/CertificateBundleWriter.java#dependentChainConstruction;src/is/fivefivefive/CanDis/theory/CertificateBundleWriter.java#dependentChainInput;certificate-verifier/src/org/acgn/cert/SemanticEvidenceVerifier.java#verifyDependentChain;certificate-verifier/src/org/acgn/cert/SemanticEvidenceVerifier.java#dependentChainInput;certificate-verifier/src/org/acgn/cert/SemanticEvidenceVerifier.java#requireLeafTypeRule;certificate-verifier/src/org/acgn/cert/SemanticEvidenceVerifier.java#requireChainCombination;certificate-verifier/src/org/acgn/cert/SemanticEvidenceVerifier.java#verifyEvidenceCoverage	src/is/fivefivefive/CanDis/theory/CertificateBundleWriterTest.java#main;certificate-verifier/test/org/acgn/cert/ProducerSemanticEvidenceMutationTest.java#main	NOMINAL+BOUNDARY+ROBUSTNESS	PARTIAL	PARTIAL	The abstract wire replay is field-exact and the bounded mutation suite attacks many scalars and trees; complete one-field mutation coverage and Java-byte refinement remain open
P2-01	fac798f7c348cf4447dab6e756eed31855f2d049d4a111f93d8f9436cf283cf6	docs/section3-repair-audit/formal/Phase2VariadicLaws.lean	ordinary_seq_plus_has_no_associativity_license;ordinary_seq_plus_is_valid;flat_seq_plus_without_associativity_rejects	src/is/fivefivefive/CanDis/core/AlloyOperatorPolicy.java#forShape;src/is/fivefivefive/CanDis/theory/FlatLicense.java#enabled	src/is/fivefivefive/CanDis/TheoryLawPolicyRegressionTest.java#testContainerLawSeparation	NOMINAL+BOUNDARY+ROBUSTNESS	PROVED	DIRECT	A valid flexible Seq without A is the finite countermodel to flexible-arity-implies-associativity, while a flat Seq without A rejects at the implementation boundary
P2-02	c5ca655e734ee107312eb1f23afcd324739b4c8dfdbd3e89176d31462970c74b	docs/section3-repair-audit/formal/Phase2VariadicLaws.lean	policy_fields_jointly_determine_policy	src/is/fivefivefive/CanDis/core/AlloyOperatorPolicy.java#arityPolicy;src/is/fivefivefive/CanDis/core/AlloyOperatorPolicy.java#siblingQuotient;src/is/fivefivefive/CanDis/core/AlloyOperatorPolicy.java#flatLicense;src/is/fivefivefive/CanDis/core/AlloyOperatorPolicy.java#unitLicense	src/is/fivefivefive/CanDis/TheoryLawPolicyRegressionTest.java#testContainerLawSeparation	NOMINAL+BOUNDARY+ROBUSTNESS	PARTIAL	DIRECT	The formal product and Java value object retain distinct policy coordinates; the finite model represents flat and unit authority as fields rather than Java nominal types
P2-03	b88c887a749ff0e6eeae1d4c8fa25815daca7ca7633d857a8cb32440ef4dfeaa	docs/section3-repair-audit/formal/Phase2VariadicLaws.lean	invalid_set_downward_closure_rejects;valid_set_requires_positive_downward_closure	src/is/fivefivefive/CanDis/theory/ArityPolicy.java#requirePositiveDownwardClosure;src/is/fivefivefive/CanDis/theory/SetPortSchema.java#arityPolicy	src/is/fivefivefive/CanDis/TheoryLawPolicyRegressionTest.java#testArityClosureAndEmptyStorage	NOMINAL+BOUNDARY+ROBUSTNESS	PROVED	DIRECT	Every valid modeled Set requires positive downward closure and the Java constructor rejects the minimal [1,3] violation
P2-04	91f2da39d8b90aa362920d49a580ce4e9266bea034c9ffef4aca843880d1fd3a	docs/section3-repair-audit/formal/Phase2VariadicLaws.lean	invalid_flat_splice_closure_rejects;valid_flat_requires_splice_closure	src/is/fivefivefive/CanDis/theory/ArityPolicy.java#requireFlatSpliceClosure;src/is/fivefivefive/CanDis/theory/FlatLicense.java#enabled	src/is/fivefivefive/CanDis/TheoryLawPolicyRegressionTest.java#testArityClosureAndEmptyStorage	NOMINAL+BOUNDARY+ROBUSTNESS	PROVED	DIRECT	Every valid modeled flat policy requires k+l-1 closure and Java rejects the minimal [1,2] finite violation
P2-05	b114200dc3396e59e67239676d4d7fce5ceac56b6e9ff6799b889097c9d9339a	docs/section3-repair-audit/formal/Phase2VariadicLaws.lean	valid_flat_requires_one_root_container	src/is/fivefivefive/CanDis/theory/FlatLicense.java#atRootPort;src/is/fivefivefive/CanDis/theory/TheoryAlloyAdapter.java#constructCertifiedFlatOperand	src/is/fivefivefive/CanDis/TheoryLawPolicyRegressionTest.java#testCompletedArityAndTypedSplicing	NOMINAL+BOUNDARY+ROBUSTNESS	PARTIAL	DIRECT	The finite valid-policy theorem and direct multi-port/path attacks enforce one declared root path; complete Java refinement remains open
P2-06	2c839b74126cb1fffa416e6b93e58418d51d20025a4a2e7563dcf973734fcfec	docs/section3-repair-audit/formal/Phase2VariadicLaws.lean	valid_flat_requires_homogeneous_element_and_result_types	src/is/fivefivefive/CanDis/theory/AlloyLawRegistry.java#issue;src/is/fivefivefive/CanDis/theory/TheoryAlloyAdapter.java#constructCertifiedFlatOperand	src/is/fivefivefive/CanDis/TheoryLawPolicyRegressionTest.java#testCompletedArityAndTypedSplicing	NOMINAL+BOUNDARY+ROBUSTNESS	PARTIAL	DIRECT	The exact finite policy premise and Java registry reject cross-result and cross-element type reuse; a mechanized Java type-bridge refinement is absent
P2-07	b708325769a359fe30bff6af5db19a53351beb8f8234089a125954b2c3206a7e	docs/section3-repair-audit/formal/Phase2VariadicLaws.lean	ordinary_zero_arity_needs_no_unit;flat_zero_arity_without_A_and_U_rejects;flat_zero_arity_with_A_and_U_is_valid;valid_zero_admitting_flat_requires_A_and_U	src/is/fivefivefive/CanDis/core/AlloyOperatorPolicy.java#unitLicense;src/is/fivefivefive/CanDis/theory/ArityPolicy.java#admitsZero	src/is/fivefivefive/CanDis/TheoryLawPolicyRegressionTest.java#testContainerLawSeparation;src/is/fivefivefive/CanDis/theory/TheoryPortsTest.java#testTypedNodeConstructionAndUnits	NOMINAL+BOUNDARY+ROBUSTNESS	PROVED	DIRECT	The model proves the general flat-zero implication and ordinary K0 countercase; Java constructor and replay matrices exercise both boundaries
P2-08	afe3fc840f072921629394f4d7019b4c9c24a02a6b3f0361a2c7941d572cde9a	docs/section3-repair-audit/formal/Phase2VariadicLaws.lean	nonempty_variadic_rejects_empty_storage;positive_at_least_policy_rejects_zero	src/is/fivefivefive/CanDis/theory/ArityPolicy.java#requireAdmitted	src/is/fivefivefive/CanDis/TheoryLawPolicyRegressionTest.java#testArityClosureAndEmptyStorage	NOMINAL+BOUNDARY+ROBUSTNESS	PROVED	DIRECT	Positive at-least arity rejects zero in Lean and the Java stored-container boundary
P2-09	1b09f2b05d0a34faa0905f9a65479aa22dd62a44670b64890dfcd54a0faab1d9	docs/section3-repair-audit/formal/Phase2VariadicLaws.lean	flat_set_plus_is_ACI_without_unit;alloy_flat_whitelist_is_exact	src/is/fivefivefive/CanDis/core/AlloyOperatorPolicy.java#isFlatSetOperator;src/is/fivefivefive/CanDis/theory/AlloyLawRegistry.java#issue	src/is/fivefivefive/CanDis/TheoryLawPolicyRegressionTest.java#testExactAlloyPolicy	NOMINAL+BOUNDARY+ROBUSTNESS	PROVED	DIRECT	Closed Opcode enumeration and registry tests admit exactly AND/OR/UNION/INTERSECTION as nonempty flat Set ACI without unit
P2-10	7f50ea1852ffdf87e97206d78956e41ebd29722213bd795a426463e965356d72	docs/section3-repair-audit/formal/Phase2VariadicLaws.lean	flat_bag_plus_requires_exactly_A_and_C_here;integer_flattening_is_profile_bounded	src/is/fivefivefive/CanDis/core/AlloyOperatorPolicy.java#isIntegerAcOperator;src/is/fivefivefive/CanDis/theory/AlloyLawRegistry.java#issue	src/is/fivefivefive/CanDis/TheoryLawPolicyRegressionTest.java#testOverflowProfile	NOMINAL+BOUNDARY+ROBUSTNESS	PROVED	DIRECT	Closed profile/opcode enumeration and direct registry probes admit flat AC Bag integer ADD/MUL only under modular overflow
P2-11	84f0e523ab22515d09625fd39b8a51d85d1343fd3b08073d0155422cd6d50208	docs/section3-repair-audit/formal/Phase2VariadicLaws.lean	four_bit_left_association_overflows;four_bit_right_association_succeeds;no_overflow_addition_reassociation_is_unsound	src/is/fivefivefive/CanDis/core/AlloyOperatorPolicy.java#forShape;src/is/fivefivefive/CanDis/theory/AlloyLawRegistry.java#issue	src/is/fivefivefive/CanDis/TheoryLawPolicyRegressionTest.java#testOverflowProfile	NOMINAL+BOUNDARY+ROBUSTNESS	PROVED	DIRECT	The exact 4-bit 7+1-1 countermodel separates associations and Java refuses A under overflow-forbidding profiles
P2-12	0083271a3f13bcbda49097a05889538db1bb3c9f8fc748645886f99ceeef705f	docs/section3-repair-audit/formal/Phase2VariadicLaws.lean	calls_joins_arrows_lists_binders_and_decls_are_not_flat	src/is/fivefivefive/CanDis/core/AlloyOperatorPolicy.java#isFixedBinaryTypedChainOperator;src/is/fivefivefive/CanDis/core/AlloyOperatorPolicy.java#forShape	src/is/fivefivefive/CanDis/TheoryLawPolicyRegressionTest.java#testExactAlloyPolicy;src/is/fivefivefive/CanDis/CanonicalAlloyPipelineTest.java#checkUnaryInteriorJoinDoesNotFlatten	NOMINAL+BOUNDARY+ROBUSTNESS	PROVED	DIRECT	Homogeneous policy keeps JOIN/ARROW fixed binary; dependent A2 construction is separately indexed and unary-interior flattening rejects
P2-13	045cfe4c36afdadece97e8bd66627907558813a515c99e3d60900c8c2165ed04	docs/section3-repair-audit/formal/Phase2VariadicLaws.lean	nonflat_bag_two_is_commutative_only;equality_inequality_and_iff_are_C_not_A_or_I	src/is/fivefivefive/CanDis/core/AlloyOperatorPolicy.java#forShape;src/is/fivefivefive/CanDis/theory/AlloyLawRegistry.java#issue	src/is/fivefivefive/CanDis/TheoryLawPolicyRegressionTest.java#testFixedCommutativeAndRoleSensitiveForms	NOMINAL+BOUNDARY+ROBUSTNESS	PROVED	DIRECT	Finite policy and direct association/flatten attacks retain exactly C over Bag=2 for equality, inequality, and pre-elimination IFF
P2-14	90580fa8213530641731da222122de6b2857dac50b6d3b49f79241baae89d36e	docs/section3-repair-audit/formal/Phase2VariadicLaws.lean	disjoint_is_nonflat_bag;bag_retains_duplicate_occurrences;semantic_disjoint_and_structural_disjoint_list_are_distinct	src/is/fivefivefive/CanDis/core/AlloyOperatorPolicy.java#forShape;src/is/fivefivefive/CanDis/theory/ContainerNormalizationCertificate.java#requireApplicableLaws	src/is/fivefivefive/CanDis/TheoryLawPolicyRegressionTest.java#testFixedCommutativeAndRoleSensitiveForms;src/is/fivefivefive/CanDis/EGraphSaturationTest.java#testBagMultiplicityPreservedUntilExplicitRewrite	NOMINAL+BOUNDARY+ROBUSTNESS	PROVED	DIRECT	Semantic DISJOINT is nonflat C Bag and retains duplicates; structural DISJOINT_LIST remains a distinct ordered identity
P2-15	2987ffb5b4c7996dc25a09fa65e2b799709a45c8ef3338b67046ff90e368bf2b	docs/section3-repair-audit/formal/Phase2VariadicLaws.lean	calls_joins_arrows_lists_binders_and_decls_are_not_flat;semantic_disjoint_and_structural_disjoint_list_are_distinct;role_sensitive_sequence_observes_swap	src/is/fivefivefive/CanDis/core/AlloyOperatorPolicy.java#forShape;src/is/fivefivefive/CanDis/theory/SeqPortSchema.java#schemaAt	src/is/fivefivefive/CanDis/TheoryLawPolicyRegressionTest.java#testFixedCommutativeAndRoleSensitiveForms;src/is/fivefivefive/CanDis/theory/TheoryPortsTest.java#testStructuralOrderLaws	NOMINAL+BOUNDARY+ROBUSTNESS	PROVED	DIRECT	Closed policy enumeration and ordered-container tests keep CALL, lists, binders, declarations, and role-sensitive forms nonflat and positional
P2-16	ae04f7e0f12a960156f639a69db652e044fdc8c2aa39cecf35b7d3132d53ef60	docs/section3-repair-audit/formal/Phase2VariadicLaws.lean	boolean_empty_collapses_by_smart_constructor;boolean_singleton_collapses_by_smart_constructor;stored_boolean_carrier_is_nonempty_and_has_no_unit	src/is/fivefivefive/CanDis/theory/TheoryAlloyAdapter.java#constructCertifiedFlatOperand;src/is/fivefivefive/CanDis/core/AlloyOperatorPolicy.java#unitLicense	src/is/fivefivefive/CanDis/TheoryLawPolicyRegressionTest.java#testCompletedArityAndTypedSplicing;src/is/fivefivefive/CanDis/theory/TheoryPortsTest.java#testConstructionBoundary	NOMINAL+BOUNDARY+ROBUSTNESS	PARTIAL	DIRECT	The finite AND smart-constructor model and Java AND/OR tests collapse empty/singleton cases before storage; stored Boolean carriers remain nonempty with no U
P2-17	653ed8713894b7003dd496fec5d9f34049bf2e2b4089a176324ee75e7424e527	docs/section3-repair-audit/formal/Phase2VariadicLaws.lean	bag_retains_duplicate_occurrences;set_observation_is_idempotent;role_sensitive_sequence_observes_swap	src/is/fivefivefive/CanDis/theory/ContainerNormalizationCertificate.java#requireApplicableLaws	src/is/fivefivefive/CanDis/theory/TheoryPortsTest.java#testSeqBagSetSemantics;src/is/fivefivefive/CanDis/theory/TheoryCertificatesTest.java#testConcreteContainerConstructionReplay	NOMINAL+BOUNDARY+ROBUSTNESS	PROVED	DIRECT	Finite observations and concrete certificate replay distinguish Seq order, Bag multiplicity, and Set idempotence
P2-18	4dff4190a5709dd2253c47a941bd934e2b276bd595b7d9a4a581fd647b772735	docs/section3-repair-audit/formal/Phase2VariadicLaws.lean	commutativity_witness_index_is_injective;idempotence_witness_index_is_injective;associativity_witness_index_is_injective;unit_witness_index_is_injective	src/is/fivefivefive/CanDis/theory/ContainerLawCertificate.java#lawIndex;src/is/fivefivefive/CanDis/theory/ContainerLawCertificate.java#appliesTo	src/is/fivefivefive/CanDis/theory/TheoryCertificatesTest.java#testContainerLawProvenance;src/is/fivefivefive/CanDis/TheoryLawPolicyRegressionTest.java#testTrustedLawAuthority	NOMINAL+BOUNDARY+ROBUSTNESS	PARTIAL	DIRECT	Finite witness-index payloads are injective and one-field Java mutations reject; a complete wire/JVM refinement theorem remains open
P2-19	19ae22028dc1c50a3f7b92d54a236e8696c1b389ef204e6c5ae764cdab60a354	docs/section3-repair-audit/formal/Phase2VariadicLaws.lean	issued_associativity_requires_exact_registry_entry	src/is/fivefivefive/CanDis/theory/AlloyLawRegistry.java#issue;src/is/fivefivefive/CanDis/theory/AlloyLawRegistry.java#accepts	src/is/fivefivefive/CanDis/TheoryLawPolicyRegressionTest.java#testTrustedLawAuthority	NOMINAL+BOUNDARY+ROBUSTNESS	PARTIAL	DIRECT	The finite authority predicate requires exact opcode/profile equality and the Java registry also binds path, type, schema, law parameter, endpoints, version, and digest; full refinement remains open
P2-20	96b8ce07afc0aad611a36396786a36cd235e5c553f40611962d168721e70b936	docs/section3-repair-audit/formal/Phase2VariadicLaws.lean	recursive_flatten_iff_same_head_and_typed_A_evidence	src/is/fivefivefive/CanDis/theory/TheoryAlloyAdapter.java#constructCertifiedFlatOperand;src/is/fivefivefive/CanDis/theory/ContainerNormalizationCertificate.java#create	src/is/fivefivefive/CanDis/TheoryLawPolicyRegressionTest.java#testCompletedArityAndTypedSplicing;src/is/fivefivefive/CanDis/CanonicalAlloyPipelineTest.java#checkUncertifiedSourceUnionRejected	NOMINAL+BOUNDARY+ROBUSTNESS	PARTIAL	DIRECT	The formal decision is iff same-head typed A evidence; positive and negative Java recursive fixtures exercise that boundary, without a whole-method refinement theorem
P3-01	38ae43263de3ae5c80fe60c492bf66afdb85c4f434aaf55d4fa98b7eb1fba686	docs/section3-repair-audit/formal/Phase3ExactTypesEndpoints.lean	exact_relation_arity_is_retained;ordered_columns_are_observable;relation_is_not_generic_unary;missing_type_fails_closed	src/is/fivefivefive/ACGN/alloy/ExactAlloyType.java#stableString;src/is/fivefivefive/CanDis/theory/AlloyTypeBridge.java#graphType	src/is/fivefivefive/CanDis/CanonicalAlloyPipelineTest.java#main	NOMINAL+BOUNDARY+ROBUSTNESS	PARTIAL	PARTIAL	Exact positive relation columns and fail-closed missing types are modeled; erased empty columns remain governed separately by P3-15 and complete parser refinement is open
P3-02	121d9cc65d7d9cecfdb855d72dc9a8bb35a7739a1774a5e7e161a9524a49ef1c	docs/section3-repair-audit/formal/Phase3ExactTypesEndpoints.lean	missing_type_fails_closed;missing_type_does_not_invent_relation	src/is/fivefivefive/CanDis/theory/AlloyTypeBridge.java#graphType;src/is/fivefivefive/CanDis/metric/RepairProjection.java#requireExactResultType	src/is/fivefivefive/CanDis/CanonicalAlloyPipelineTest.java#main	NOMINAL+BOUNDARY+ROBUSTNESS	PROVED	DIRECT	Missing relational and binding types are rejected by the adapter/projection boundary; no textual or generic relation fallback is admitted
P3-03	c5733bd96ae6281cc4f3f9fe6d51e66261c20b0b0bf4b3aa426aaa210c7b0fca	docs/section3-repair-audit/formal/Phase3ExactTypesEndpoints.lean	profile_payload_is_injective	src/is/fivefivefive/CanDis/theory/SemanticProfile.java#structuralKey;certificate-verifier/src/org/acgn/cert/SemanticEvidenceVerifier.java#verifyAuthorizedProfile	certificate-verifier/test/org/acgn/cert/VerifierTest.java#main	NOMINAL+BOUNDARY+ROBUSTNESS	PARTIAL	DIRECT-BOUNDED	The five semantic fields and recomputed fingerprint are mutation-tested; no mathematical injectivity claim is made for SHA-256 or Java serialization
P3-04	3991aa4c4db10ffcd0bcc1bc0197fda0b30377e422d4804b44dd05fd89bdab89	docs/section3-repair-audit/formal/Phase3ExactTypesEndpoints.lean	complete_law_index_is_injective	src/is/fivefivefive/CanDis/theory/ContainerLawCertificate.java#lawIndex;certificate-verifier/src/org/acgn/cert/SemanticEvidenceVerifier.java#verifyLawRecord	certificate-verifier/test/org/acgn/cert/VerifierTest.java#main;certificate-verifier/test/org/acgn/cert/ProducerSemanticEvidenceMutationTest.java#main	NOMINAL+BOUNDARY+ROBUSTNESS	PARTIAL	DIRECT-BOUNDED	Every modeled law-index field and endpoint is independently replayed and mutation-tested; cryptographic encoding refinement remains outside the Lean model
P3-05	55424471ff9ad348d3c3603257809bba4b768fcf53a389c5cb7c799e490ab620	docs/section3-repair-audit/formal/Phase3ExactTypesEndpoints.lean	exact_flat_replay_accepts;flat_replay_payload_is_injective	src/is/fivefivefive/CanDis/theory/FlatConstructionCertificate.java#splices;src/is/fivefivefive/CanDis/theory/FlatConstructionCertificate.java#containerTrace;certificate-verifier/src/org/acgn/cert/SemanticEvidenceVerifier.java#verifyFlat	certificate-verifier/test/org/acgn/cert/ProducerSemanticEvidenceMutationTest.java#main;src/is/fivefivefive/CanDis/theory/TheoryCertificatesTest.java#main	NOMINAL+BOUNDARY+ROBUSTNESS	PARTIAL	DIRECT-BOUNDED	Visible source tree, derived splice ledger, ordered leaves, independently normalized trace, endpoints, and coverage survive omission/substitution/reorder attacks; the Lean model is an abstract bounded contract
P3-06	fa0ab4cd0e16850dd0ec8bdb39c2043837ae3c20ead8ea771b5daafe002a1c67	docs/section3-repair-audit/formal/Phase3ExactTypesEndpoints.lean	exact_container_replay_accepts;container_replay_payload_is_injective	src/is/fivefivefive/CanDis/theory/ContainerConstructionCertificate.java#inputOccurrences;src/is/fivefivefive/CanDis/theory/ContainerConstructionCertificate.java#containerTrace;certificate-verifier/src/org/acgn/cert/SemanticEvidenceVerifier.java#verifyContainer	certificate-verifier/test/org/acgn/cert/ProducerSemanticEvidenceMutationTest.java#main;src/is/fivefivefive/CanDis/theory/TheoryCertificatesTest.java#main	NOMINAL+BOUNDARY+ROBUSTNESS	PARTIAL	DIRECT-BOUNDED	Ordered source occurrences, independently normalized outputs, multiplicity/order, and exact quotient fibers are reconstructed and mutation-tested; Java decoding refinement is not proved in Lean
P3-07	169eb123f570225f3866ce215ce9558385ef374a795d3849c584282fb840cf91	docs/section3-repair-audit/formal/Phase3ExactTypesEndpoints.lean	alpha_is_not_nonidentity_automorphism	src/is/fivefivefive/CanDis/theory/BinderOccurrenceAutomorphismCertificate.java#create;src/is/fivefivefive/CanDis/theory/TypedAlphaEquivalence.java#blocksRelated	src/is/fivefivefive/CanDis/theory/TheoryCertificatesTest.java#main;src/is/fivefivefive/CanDis/CanonicalAlloyPipelineTest.java#main	NOMINAL+BOUNDARY+ROBUSTNESS	PROVED	DIRECT	Fresh-name alpha allocation is a separate action and identity descriptor permutations are rejected as occurrence automorphism certificates
P3-08	b3b677e2bbd27f23dd74d92e0010a5db42677ed3443ceb21c68908a9caa0a6e1	docs/section3-repair-audit/formal/Phase3ExactTypesEndpoints.lean	complete_binder_index_is_injective	src/is/fivefivefive/CanDis/theory/BinderOccurrenceAutomorphismCertificate.java#appliesTo;certificate-verifier/src/org/acgn/cert/SemanticEvidenceVerifier.java#verifyBinderOccurrence	certificate-verifier/test/org/acgn/cert/ProducerSemanticEvidenceMutationTest.java#main;src/is/fivefivefive/CanDis/theory/TheoryCertificatesTest.java#main	NOMINAL+BOUNDARY+ROBUSTNESS	PARTIAL	DIRECT-BOUNDED	Descriptor, occurrence embedding, automorphism, conjugation, enclosing root, source path, context, source/target, and endpoints are reconstructed; structural-key cryptographic refinement remains open
P3-09	680aa55c804d4816f24eebe8bbc5aeff08dd9ba573e589c5fda51f5740fc942f	docs/section3-repair-audit/formal/Phase3ExactTypesEndpoints.lean	exact_binder_closure_and_conjugations_accept;missing_swap_from_generated_closure_rejects;missing_occurrence_conjugation_rejects	certificate-verifier/src/org/acgn/cert/SemanticEvidenceVerifier.java#binderView;certificate-verifier/src/org/acgn/cert/SemanticEvidenceVerifier.java#permutationClosure;certificate-verifier/src/org/acgn/cert/SemanticEvidenceVerifier.java#requireConjugate;certificate-verifier/src/org/acgn/cert/SemanticEvidenceVerifier.java#collectBinderObligations	certificate-verifier/test/org/acgn/cert/ProducerSemanticEvidenceMutationTest.java#main;src/is/fivefivefive/CanDis/theory/TheoryCertificatesTest.java#main	NOMINAL+BOUNDARY+ROBUSTNESS	PARTIAL	DIRECT-BOUNDED	The standalone verifier derives descriptor generators, bounded finite closure, derivations, occurrence conjugations, and root/path-qualified obligations; Lean proves an executable S2 instance rather than arbitrary finite groups
P3-10	413413515277fe133dc56fc4d80e10585618bf045eccafe5ffdd45349fb56ba2	docs/section3-repair-audit/formal/Phase3ExactTypesEndpoints.lean	exact_source_obligation_accepts	certificate-verifier/src/org/acgn/cert/SemanticEvidenceVerifier.java#verifyEvidenceCoverage;src/is/fivefivefive/CanDis/theory/CertifiedSemanticArtifact.java#validateConstructionCoverage	certificate-verifier/test/org/acgn/cert/ProducerSemanticEvidenceMutationTest.java#main	NOMINAL+BOUNDARY+ROBUSTNESS	PARTIAL	DIRECT-BOUNDED	Exact obligations are derived from decoded replay/orbit sources; paired record-plus-reference omissions and cross-replay substitutions reject, but whole-program source-decoder refinement is not formalized
P3-11	cb07e2c401b005826f599ccaebea150beb922179ed7f8773e678d07c773bcbaf	docs/section3-repair-audit/formal/Phase3ExactTypesEndpoints.lean	stale_owner_rejects	src/is/fivefivefive/CanDis/theory/ConstructionSourceLedger.java#flatSources;certificate-verifier/src/org/acgn/cert/SemanticEvidenceVerifier.java#constructionSourceOwners	certificate-verifier/test/org/acgn/cert/ProducerSemanticEvidenceMutationTest.java#main	NOMINAL+BOUNDARY+ROBUSTNESS	PROVED	DIRECT-BOUNDED	Replay-owned source identities and construction endpoints reject stale-owner, cross-owner, and complete cross-source substitutions within the bounded wire harness
P3-12	981e681a6eac0f86c48a4aa9a4c95d01b6dafea2492683b66f22eb05f7fe0313	docs/section3-repair-audit/formal/Phase3ExactTypesEndpoints.lean	canonical_wire_payload_is_injective;exact_wire_claim_accepts;reordered_wire_children_reject	certificate-verifier/src/org/acgn/cert/Bundle.java#indexedTable;certificate-verifier/src/org/acgn/cert/Bundle.java#contentId;src/is/fivefivefive/CanDis/theory/CertificateBundleWriter.java#sortedSection	certificate-verifier/test/org/acgn/cert/VerifierTest.java#main;certificate-verifier/test/org/acgn/cert/ProducerSemanticEvidenceMutationTest.java#main	NOMINAL+BOUNDARY+ROBUSTNESS	PARTIAL	DIRECT-BOUNDED	Content-addressed tables recompute IDs and require canonical order; arbitrary duplicate, content, grammar, and reorder mutations reject, without asserting SHA-256 collision impossibility
P3-13	e5f35d45c5799f10455454071df3c72cc22b76b1a6893073126fcfc3f9382ced	docs/section3-repair-audit/formal/Phase3ExactTypesEndpoints.lean	retained_artifact_payload_is_injective	src/is/fivefivefive/CanDis/theory/CertifiedSemanticArtifact.java#validateConstructionCoverage;src/is/fivefivefive/CanDis/theory/CertifiedSemanticArtifact.java#binderOccurrenceCertificates;src/is/fivefivefive/CanDis/theory/CertifiedSemanticArtifact.java#constructionSources	certificate-verifier/test/org/acgn/cert/ProducerSemanticEvidenceMutationTest.java#main;src/is/fivefivefive/CanDis/CanonicalAlloyPipelineTest.java#main	NOMINAL+BOUNDARY+ROBUSTNESS	PARTIAL	DIRECT-BOUNDED	The immutable artifact retains profile, classes, witnesses, unfoldings, laws, source ledger, constructions, CALLs, and binder evidence with exact coverage; universal Layer-3 consumer completeness remains unproved
P3-14	d5fc74313d3b13382e223a4b64dd36ed2b4ef0c1ea7eeebb8acad34a58731b0c	docs/section3-repair-audit/formal/Phase3ExactTypesEndpoints.lean	certified_source_mutation_rejects;exact_projection_source_accepts;stale_projection_source_rejects;forged_projection_digest_rejects	src/is/fivefivefive/CanDis/theory/TheoryAlloyAdapter.java#requireRepairProjectionSources;src/is/fivefivefive/CanDis/metric/RepairProjection.java#project	src/is/fivefivefive/CanDis/CanonicalAlloyPipelineTest.java#main;src/is/fivefivefive/CanDis/metric/QuotientRepairDistanceTest.java#main	NOMINAL+BOUNDARY+ROBUSTNESS	PARTIAL	DIRECT-BOUNDED	Projection requires the exact identity-owned frozen NormalForms and consumes the adapter-derived canonical key; foreign, post-certification, and concurrent mutations reject, while an end-to-end Java refinement theorem is absent
P3-15	80da7da76d5f854388a5a5fab6002b0cb2e00160851be975948c14df8545e22c	docs/section3-repair-audit/formal/Phase3EmptyRelations.lean	parser_retains_arity;no_decoder_recovers_both_parent_column_orders;arityless_empty_fails_closed;empty_graph_arity_is_injective;empty_arities_are_distinct	src/is/fivefivefive/ACGN/alloy/ExactAlloyType.java#emptyRelation;src/is/fivefivefive/CanDis/theory/AlloyTypeBridge.java#emptyRelationArity	src/is/fivefivefive/CanDis/CanonicalAlloyPipelineTest.java#main	NOMINAL+BOUNDARY+ROBUSTNESS	PARTIAL	PARTIAL	The empty-relation information boundary is modeled; full MASG/IR/metric/writer/verifier/visualization refinement remains open
P3-16	9080df58143d6f8aeaee0b1fa1cc1da32266e19a0995db9424a5ca5b5492de28	docs/section3-repair-audit/formal/Phase3SemanticProfile.lean	exact_selector_separates_width_4_and_5;omitted_width_defaults_to_four;explicit_zero_width_is_preserved;exact_selector_separates_overflow_modes;exact_selector_separates_temporal_bounds;exact_selector_separates_scope_contexts;exact_selector_separates_execution_options;exact_selector_separates_rewrite_versions;exact_selector_separates_signature_versions;missing_selection_rejects;ambiguous_selection_rejects;parser_owned_unique_selection_derives;foreign_command_selection_rejects;caller_asserted_profile_is_not_authorized;parser_owned_profile_is_authorized;compact_preserves_profile;compact_cross_profile_comparison_rejects	src/is/fivefivefive/CanDis/theory/AlloySemanticProfileFactory.java#fromExactlyOne;src/is/fivefivefive/CanDis/theory/AlloySemanticProfileFactory.java#requireParserOwnership;src/is/fivefivefive/CanDis/theory/SemanticProfile.java#fromSourceCommand;src/is/fivefivefive/CanDis/CanonicalAlloyPipeline.java#requirePrepared	src/is/fivefivefive/CanDis/SemanticProfileSourceCommandTest.java#main;src/is/fivefivefive/CanDis/CanonicalAlloyPipelineTest.java#compactModularAlpha	NOMINAL+BOUNDARY+ROBUSTNESS	PROVED	REFUTED	Lean and 31 parser-backed checks now distinguish omitted width from preserved explicit zero, require parser/module ownership, reject caller-asserted authority, and separate scope/options/versions; production defaults still bypass selection, the exact semantic A4Options partition and cache inventory are open, and source-bound bundle profiles are rejected by the standalone verifier
P4-01	a960ef731ffea7cae8081125e29b82017e2b180d8bd545d87c16d94254ca7c61	docs/section3-repair-audit/formal/Phase4CollisionBuckets.lean	stored_live_owner_is_in_bucket;stored_live_shape_has_nonempty_finite_bucket;bucket_contains_only_live_owners;live_owner_membership_is_permutation_invariant;duplicate_stored_records_do_not_change_membership;live_owner_bucket_is_deterministic;initial_graph_is_quiescent_exact;supported_operation_preserves_quiescent_exact;supported_run_preserves_quiescent_exact;supported_quiescent_public_observation_is_exact	src/is/fivefivefive/CanDis/theory/TypedSlottedPortEGraph.java#requireHashBucketsExact;src/is/fivefivefive/CanDis/theory/TypedSlottedPortEGraph.java#hashBucketsSnapshot;src/is/fivefivefive/CanDis/theory/TypedSlottedPortEGraph.java#checkInvariants	src/is/fivefivefive/CanDis/theory/TheoryStateTest.java#testGraphOwnershipAndQuiescence;src/is/fivefivefive/CanDis/theory/TheoryRebuildTest.java#main	NOMINAL+BOUNDARY+ROBUSTNESS	PARTIAL	PARTIAL	The revised finite Lean model proves extensional duplicate-insensitive membership, permutation-independent canonical enumeration, dirty/quiescent operation closure, and exact supported public observations; it compiles without admissions but awaits fresh independent statement/refinement review; Java suites previously found no supported-path counterexample, while failed-mutator and complete transition/refinement evidence remain open
P4-02	084ce45f894a4e20927c30843e8aa7851fada2f4385639bd2e3b23a0d3bff5c5	docs/section3-repair-audit/formal/Phase4CollisionBuckets.lean	failed_collision_preserves_both_owners	src/is/fivefivefive/CanDis/theory/TypedSlottedPortEGraph.java#collisionParentEdge	src/is/fivefivefive/CanDis/theory/TheoryRebuildTest.java#testIncomparableCollisionBucket	NOMINAL+BOUNDARY+ROBUSTNESS	PROVED	DIRECT	The finite collision model proves nonimplication and the implementation fixture preserves two leaders after an uninhabited equal-shape proposal; this is bounded conformance, not a Java refinement theorem
P4-03	462917090ce0f6a7af44e4d63883a8fcf34de77d8d03d56372cc2a17c885a4a2	docs/section3-repair-audit/formal/Phase4CollisionBuckets.lean	second_orientation_is_considered;evaluation_records_both_directed_attempts	src/is/fivefivefive/CanDis/theory/TypedSlottedPortEGraph.java#collisionParentEdge	src/is/fivefivefive/CanDis/theory/TheoryRebuildTest.java#testCertifiedCollisionRebuild	NOMINAL+BOUNDARY+ROBUSTNESS	PROVED	DIRECT	The abstract evaluator records both directed attempts and the implementation counter verifies two attempts for a compatible collision; completeness is bounded to exercised collision construction
P4-04	ab47c5a21bf9acba434c49c0796b183d63d1a40b8d08fb61c120d67e948d4624	docs/section3-repair-audit/formal/Phase4CollisionBuckets.lean	admission_requires_an_orientation	src/is/fivefivefive/CanDis/theory/TypedSlottedPortEGraph.java#collisionParentEdgeOriented;src/is/fivefivefive/CanDis/theory/TypedSlottedPortEGraph.java#unionCertified	src/is/fivefivefive/CanDis/theory/TheoryRebuildTest.java#testRestrictionObligationIsNotInferred;src/is/fivefivefive/CanDis/theory/TheoryCertificatesTest.java#main	NOMINAL+BOUNDARY+ROBUSTNESS	PARTIAL	DIRECT	The finite model proves orientation admission and Java verifies typed collision and parent-edge certificates with wrong or missing proof rejection; an end-to-end Java refinement theorem remains open
P4-05	331b981e2d59da0d84483d84d8c8cc19d07c4ce73ca89bfde8aaf0f6bfdb3c54	docs/section3-repair-audit/formal/Phase4WireConservation.lean	incomparable_decision_preserves_coexistence	src/is/fivefivefive/CanDis/theory/TypedSlottedPortEGraph.java#collisionParentEdge	src/is/fivefivefive/CanDis/theory/TheoryRebuildTest.java#testIncomparableCollisionBucket	NOMINAL+BOUNDARY+ROBUSTNESS	PROVED	DIRECT	The bounded model and typed Int/Bool fixture preserve both leaders in one exact-shape bucket when neither direction is inhabited
P4-06	f2cfca69464ef3a1113b9efa31d2eaa5d82f65d4221e5ea1c920cb2c17791f2a	docs/section3-repair-audit/formal/Phase4WireConservation.lean	union_partition_count;valid_union_has_no_silent_source_loss;valid_union_result_is_exact;valid_union_retirement_ledger_is_exact;valid_rebuild_replaces_or_retires_exactly;valid_union_frame_is_the_exact_effect;valid_rebuild_base_frame_is_the_exact_effect;valid_rebuild_record_frame_is_the_exact_effect	src/is/fivefivefive/CanDis/theory/CertificateTraceSnapshot.java#verifyConservationTo;src/is/fivefivefive/CanDis/theory/TypedSlottedPortEGraph.java#unionCertifiedInternal;certificate-verifier/src/org/acgn/cert/CheckpointVerifier.java#verifyTransitions	src/is/fivefivefive/CanDis/theory/Phase4ProducerTransitionEvidenceTest.java#testDirectUnionRehomeEvidence;src/is/fivefivefive/CanDis/theory/Phase4ProducerTransitionEvidenceTest.java#testRebuildDuplicateRetirementEvidence;certificate-verifier/test/org/acgn/cert/VerifierTest.java#main	NOMINAL+BOUNDARY+ROBUSTNESS	PARTIAL	DIRECT	Finite conservation and exact-frame models are paired with producer mutation tests and independent schema-v8 transition replay; universal JVM refinement remains open
P4-07	0bd822921ae2c9f39329fd0cc21480548965c0e02e22a6470e479b1d93ed0a99	docs/section3-repair-audit/formal/Phase4CollisionBuckets.lean	canonical_preimage_is_injective	src/is/fivefivefive/CanDis/theory/ParentRecordKey.java#structuralKey;src/is/fivefivefive/CanDis/theory/TypedSlottedPortEGraph.java#parentUsesSnapshot	src/is/fivefivefive/CanDis/theory/TheoryStateTest.java#testGraphOwnershipAndQuiescence;certificate-verifier/test/org/acgn/cert/VerifierTest.java#main	NOMINAL+BOUNDARY+ROBUSTNESS	PARTIAL	DIRECT	Owner and canonical shape form the modeled injective preimage and Java reverse-use keys are owner-qualified; cryptographic identifier injectivity is not claimed and malformed wire identities fail closed
P4-08	9e9ffde2a03d7ad605388bba45460064d6106d4be38dbbafeff2fc2a049af8fe	docs/section3-repair-audit/formal/Phase4CollisionBuckets.lean	initial_graph_is_quiescent_exact;supported_operation_preserves_quiescent_exact;supported_run_preserves_quiescent_exact;supported_quiescent_public_observation_is_exact	src/is/fivefivefive/CanDis/theory/TypedSlottedPortEGraph.java#rebuildHashConsExactly;src/is/fivefivefive/CanDis/theory/TypedSlottedPortEGraph.java#requireHashBucketsExact;src/is/fivefivefive/CanDis/theory/TypedSlottedPortEGraph.java#hashIndexRebuildCount	src/is/fivefivefive/CanDis/theory/TheoryRebuildTest.java#testCertifiedInterfaceRestriction;src/is/fivefivefive/CanDis/theory/TheoryStateTest.java#testGraphOwnershipAndQuiescence	NOMINAL+BOUNDARY+ROBUSTNESS	PARTIAL	DIRECT	The finite supported-operation model preserves exact public buckets; Java validates the incoming index, clears and reconstructs it from live records, and validates exact buckets afterward; fresh counter-only and empty-body mutants die in full and isolated interface-change tests, while a whole-program refinement theorem remains open
P4-09	0a39e5dd9a5342d92f97ea8567bd2ab76a4d4753c6e12d8d9cbe475509782321	docs/section3-repair-audit/formal/Phase4CollisionBuckets.lean	revision_only_memo_is_unsound;changed_record_is_reconsidered	src/is/fivefivefive/CanDis/theory/TypedSlottedPortEGraph.java#invalidateCollisionMemo;src/is/fivefivefive/CanDis/theory/TypedSlottedPortEGraph.java#collisionParentEdge	src/is/fivefivefive/CanDis/theory/TheoryRebuildTest.java#testSameRevisionWitnessChangeInvalidatesCollisionMemo;src/is/fivefivefive/CanDis/theory/TheoryRebuildTest.java#testUnexpectedCollisionErrorDoesNotPoisonMemo	NOMINAL+BOUNDARY+ROBUSTNESS	PROVED	DIRECT	The stale revision-only counterexample is formalized and the implementation regressions force reconsideration after same-revision witness change while preventing unexpected errors from poisoning the memo
P4-10	4a8255c26148e3ecd590fe0346fcfa764a892d9800d2883c65c9bf2eaa9682e0	docs/section3-repair-audit/formal/Phase4CollisionBuckets.lean	admitted_merge_strictly_decreases_positive_leaders	src/is/fivefivefive/CanDis/theory/TypedSlottedPortEGraph.java#rebuild	src/is/fivefivefive/CanDis/theory/TheoryRebuildTest.java#testGeneratedLegalMutationTraces;src/is/fivefivefive/CanDis/theory/TheoryRebuildTest.java#testDirtyOrderIndependence	NOMINAL+BOUNDARY+ROBUSTNESS	PARTIAL	PARTIAL	The Lean theorem covers only the admitted-merge leader measure and generated finite Java traces terminate; no complete termination measure covers every dirty-record and interface-change transition
P4-11	4d40daa73cffd3cc30363c0ddb3f0a5467907489b67460490c28157b37b52fe6	docs/section3-repair-audit/formal/Phase4CollisionBuckets.lean	canonical_preimage_is_injective	src/is/fivefivefive/CanDis/theory/ParentRecordKey.java#structuralKey;certificate-verifier/src/org/acgn/cert/CheckpointVerifier.java#verifyTransitions	certificate-verifier/test/org/acgn/cert/VerifierTest.java#main;src/is/fivefivefive/CanDis/theory/Phase4ProducerTransitionEvidenceTest.java#testSnapshotRejectsMalformedParentTopology	NOMINAL+BOUNDARY+ROBUSTNESS	PARTIAL	DIRECT	The owner-plus-term preimage is injective in the finite model and producer/verifier reject inconsistent identifiers and topology; no mathematical SHA-256 injectivity is assumed or proved
P4-12	ff4b8bf192cab83740fe77850b109b4de517715ed1447ab81c700aa3385380ff	docs/section3-repair-audit/formal/Phase4CollisionBuckets.lean	schema_v8_is_accepted;historical_and_future_schema_versions_reject	certificate-verifier/src/org/acgn/cert/Bundle.java#SCHEMA_VERSION;certificate-verifier/src/org/acgn/cert/Bundle.java#parse	certificate-verifier/test/org/acgn/cert/VerifierTest.java#main	NOMINAL+BOUNDARY+ROBUSTNESS	PROVED	DIRECT-BOUNDED	The finite version predicate admits exactly schema v8 and the parser rejects otherwise-valid v5, v6, and v7 relabelings; this is bounded direct evidence rather than a universal parser-refinement proof
P5-01	1058e7eb242b149f09c6fcd68fc12ed5b9d39375479e803ec7024ebde55e692b	docs/section3-repair-audit/formal/Phase5SourceRules.lean	set_none_exactly_one_binding;some_set_none_equal_none;all_set_none_false_is_false	src/is/fivefivefive/CanDis/core/NormalForm.java#hasEmptyAdmissibleBindingSet	src/is/fivefivefive/CanDis/AlloySourceRuleRegressionTest.java#main	NOMINAL+BOUNDARY+ROBUSTNESS	PROVED	DIRECT	Finite relation semantics and parser-backed normalization retain the unique empty relation binding for set none; universal parser-to-Lean refinement is not claimed
P5-02	4f67c3bf1336bf18d475a910b2bd81df88a81ec31e1c395c60458a637c766d87	docs/section3-repair-audit/formal/Phase5SourceRules.lean	lone_none_exactly_one_binding;some_lone_none_equal_none;all_lone_none_false_is_false	src/is/fivefivefive/CanDis/core/NormalForm.java#hasEmptyAdmissibleBindingSet	src/is/fivefivefive/CanDis/AlloySourceRuleRegressionTest.java#main	NOMINAL+BOUNDARY+ROBUSTNESS	PROVED	DIRECT	Finite relation semantics and parser-backed normalization retain the unique empty relation binding for lone none; universal parser-to-Lean refinement is not claimed
P5-03	3ffdb7ee391b9a646efc73e75a12d77f50fad794b7033c7e289749b4aa7a158f	docs/section3-repair-audit/formal/Phase5SourceRules.lean	bare_declaration_defaults_to_one;explicit_declaration_overrides_default	src/is/fivefivefive/CanDis/core/NormalForm.java#prenexRelDecl	src/is/fivefivefive/CanDis/AlloySourceRuleRegressionTest.java#main	NOMINAL+BOUNDARY+ROBUSTNESS	PROVED	DIRECT	The finite multiplicity model and parser-backed QuantiVar checks distinguish bare ONE from explicit SET/LONE/SOME/ONE/EXACTLY declarations
P5-04	8fbb71041b3a429e177e279f94d18f3269ccaeb4d28d5fc05ae951c8e93ca7b1	docs/section3-repair-audit/formal/Phase5SourceRules.lean	none_subset;none_in_none	src/is/fivefivefive/CanDis/core/NormalForm.java#normalizeGuardedSourceRules;src/is/fivefivefive/CanDis/core/egraph/AlloyRewriteSystem.java#rewriteNode	src/is/fivefivefive/CanDis/AlloySourceRuleRegressionTest.java#main	NOMINAL+BOUNDARY+ROBUSTNESS	PROVED	DIRECT	Alloy/Kodkod, the finite subset model, Fast Rewrite, certified observation, and ablation regressions agree that none is a subset of none
P5-05	4252bf755653e6ab1d7954ae66372c23a5df58520d532a0dfef38b7d46ec0652	docs/section3-repair-audit/formal/Phase5SourceRules.lean	arbitrary_in_none_is_not_false_without_evidence;nonempty_in_none_is_false;in_unknown_none_stays_guarded;in_proven_nonempty_none_folds_false	src/is/fivefivefive/CanDis/core/NormalForm.java#isStaticallyNonemptySet;src/is/fivefivefive/CanDis/core/egraph/AlloyRewriteSystem.java#isStaticallyNonempty	src/is/fivefivefive/CanDis/AlloySourceRuleRegressionTest.java#checkGenericLabelCannotMintNonemptiness;src/is/fivefivefive/CanDis/AlloySourceRuleRegressionTest.java#main	NOMINAL+BOUNDARY+ROBUSTNESS	PROVED	PARTIAL	The semantic guard and direct positive/nullable/synthetic-label attacks pass; complete alias and De Bruijn refinement remains part of P5-14
P5-06	44498c99ed4894a86433afcd0d0262fe25e136bb0da4574bebf4a2a4fd4ab25e	docs/section3-repair-audit/formal/Phase5SourceRules.lean	univ_requires_an_inhabitant_for_nonemptiness;empty_universe_is_not_nonempty;some_binding_proves_nonempty;one_binding_proves_nonempty;exactly_none_has_the_none_binding;exactly_binding_does_not_prove_nonempty;univ_without_inhabitant_witness_does_not_prove_nonempty;synthetic_label_never_proves_nonempty	src/is/fivefivefive/CanDis/core/NormalForm.java#isStaticallyNonemptySet;src/is/fivefivefive/CanDis/core/egraph/AlloyRewriteSystem.java#isStaticallyNonempty	src/is/fivefivefive/CanDis/AlloySourceRuleRegressionTest.java#checkExactlyOfDoesNotMintNonemptiness;src/is/fivefivefive/CanDis/AlloySourceRuleRegressionTest.java#main	NOMINAL+BOUNDARY+ROBUSTNESS	PROVED	PARTIAL	Lean reconstructs Alloy EXACTLY-of as relation equality, proves that univ is nonempty only with an inhabitant, and limits guard authority to ONE/SOME; 253 source-rule checks include direct Fast Rewrite and five-arm EXACTLY-of attacks, while complete Java refinement and frozen review remain open
P5-07	da74ebe0acd1ce6b63daadf6b3b6d1abd901208b31d3e9381134dc2b5130be83	docs/section3-repair-audit/formal/Phase5SourceRules.lean	none_not_in_none_is_false;nonempty_not_in_none_is_true;no_relation_not_in_univ;not_in_unknown_none_stays_guarded;not_in_proven_nonempty_none_folds_true	src/is/fivefivefive/CanDis/core/NormalForm.java#normalizeGuardedSourceRules;src/is/fivefivefive/CanDis/core/egraph/AlloyRewriteSystem.java#rewriteNode	src/is/fivefivefive/CanDis/AlloySourceRuleRegressionTest.java#main;src/is/fivefivefive/CanDis/AlloySourceRuleRegressionTest.java#checkAblationBindingGuards	NOMINAL+BOUNDARY+ROBUSTNESS	PROVED	PARTIAL	The exact relational duals share ONE/SOME authority and retain univ-in-none guards without an inhabitant witness; complete alias refinement remains open
P5-08	7b2c8c1094ecd7448db125f0a836fbd21a155b902aee0750477deb109113262f	docs/section3-repair-audit/formal/Phase5SourceRules.lean	empty_domain_all;empty_domain_not_some;empty_domain_no;empty_domain_not_one;empty_domain_lone;empty_domain_not_not_lone;some_none_has_no_binding;one_none_has_no_binding;exactly_none_has_the_none_binding	src/is/fivefivefive/CanDis/core/NormalForm.java#hasEmptyAdmissibleBindingSet;src/is/fivefivefive/CanDis/core/egraph/AlloyRewriteSystem.java#rewriteQuantifier	src/is/fivefivefive/CanDis/AlloySourceRuleRegressionTest.java#main	NOMINAL+BOUNDARY+ROBUSTNESS	PROVED	PARTIAL	The finite quantifier truth table covers empty positive domains and nullable or EXACTLY controls; the Java static-empty recognizer is a documented finite proof family rather than a complete semantic decision procedure
P5-09	a783f4e5b721db166f6236966d15ee0bb748825dea1f8afa963b46a94dfd59c4	docs/section3-repair-audit/formal/Phase5SourceRules.lean	snapshot_after_guard_agrees	src/is/fivefivefive/CanDis/core/NormalForm.java#normalize;src/is/fivefivefive/CanDis/core/NormalForm.java#normalizeGuardedSourceRules	src/is/fivefivefive/CanDis/AlloySourceRuleRegressionTest.java#main	NOMINAL+BOUNDARY+ROBUSTNESS	PARTIAL	DIRECT	Java applies guarded normalization and closes exposed negation before cloning the certificate-facing matrix; the Lean snapshot theorem models the ordering contract but not the complete mutable traversal
P5-10	fe6e99245458df62856a377aa4b006ea615e6c389fdf31d08fc6abdb045795d1	docs/section3-repair-audit/formal/Phase5SourceRules.lean	translated_sat_has_solver_authority;translated_unsat_has_solver_authority;unsupported_has_only_parser_type_lowering_authority;every_command_has_exactly_one_authority_record	src/is/fivefivefive/CanDis/AlloySourceRuleRegressionTest.java#CommandAuthorityRecord;src/is/fivefivefive/CanDis/AlloySourceRuleRegressionTest.java#checkHigherOrderCommandAuthorities	src/is/fivefivefive/CanDis/AlloySourceRuleRegressionTest.java#checkHigherOrderCommandAuthorities	NOMINAL+BOUNDARY+ROBUSTNESS	PROVED	DIRECT	A source-ordered 12-command ledger emits exactly one checked record per command: eight solver-backed SAT/UNSAT results and four exact higher-order-skolemization limitations with parser/type/lowering-only authority; unrelated translation errors propagate
P5-11	d47927aa3fbf53685a9009de72bf8e38a3aa860736c74f22d75ebea29e9e7050	docs/section3-repair-audit/formal/Phase5SourceRules.lean	ablation_mirror_counterexample_for_one_binding;ablation_mirror_counterexample_for_some_binding	src/is/fivefivefive/CanDis/core/egraph/AlloyRewriteSystem.java#rewriteScopedTree	src/is/fivefivefive/CanDis/AlloySourceRuleRegressionTest.java#checkAblationBindingGuards;src/is/fivefivefive/CanDis/ablation/EGraphAblationTest.java#main	NOMINAL+BOUNDARY+ROBUSTNESS	PARTIAL	DIRECT	Five engines pass scoped bare/ONE/SOME versus SET/LONE, nested shadowing, and synthetic-label attacks; the Lean counterexamples establish why erasing binding context is wrong but do not refine every engine implementation
P5-12	40d847f6a1f63a52b785648d6d34c8d59497e7312f0500313a46120c65026cf1	docs/section3-repair-audit/formal/Phase5SourceRules.lean	none_intersection_is_none;positive_one_over_none_intersection_has_no_binding;relation_difference_itself_is_none;positive_one_over_self_difference_has_no_binding	src/is/fivefivefive/CanDis/core/NormalForm.java#isStaticallyEmptySet;src/is/fivefivefive/CanDis/core/EGraphNode.java#sameSemanticInvocation;src/is/fivefivefive/CanDis/core/egraph/AlloyRewriteSystem.java#rewriteOnce	src/is/fivefivefive/CanDis/AlloySourceRuleRegressionTest.java#main;src/is/fivefivefive/CanDis/EGraphSaturationTest.java#main	NOMINAL+BOUNDARY+ROBUSTNESS	PROVED	PARTIAL	Alloy proves both one(none & A) and one(A - A) domains unsatisfiable; the original P5CounterexampleProbe now reports equivalentToFalse=true, distanceToFalse=0, bindings=0; the bounded proof family is not yet a complete decision procedure for every expression equal to none
P5-13	e47c5dc600c156f5a2bc38faf25a1b6f2494a480722e97c2eb56436f4de315b7	docs/section3-repair-audit/formal/Phase5SourceRules.lean	existing_trace_kind_cannot_record_source_rewrite	src/is/fivefivefive/CanDis/CanonicalAlloyPipeline.java#prepareForVerification;src/is/fivefivefive/CanDis/theory/CertificateProvenance.java#capture	src/is/fivefivefive/CanDis/theory/CertificateBundleWriterTest.java#main;certificate-verifier/test/org/acgn/cert/ProducerBundleInspectionTest.java#main	NOMINAL+BOUNDARY+ROBUSTNESS	PARTIAL	DIRECT	The API and schema state that raw input identity is provenance while certified derivation begins at normalized typed IR; the finite trace-kind theorem and writer inspection support that boundary but do not certify raw source normalization
P5-14	99fcfbd81695b38d365749fcceda4328aa3b05d885b0abe2e0bc666d90101be4	docs/section3-repair-audit/formal/PrenexAciScheduling.lean	some_before_all_and;all_before_some_or;schedule_preserves_membership;schedule_preserves_length;exactly_none_retains_one_empty_binding;exactly_none_binding_count;different_scope_paths_separate_shadowed_bindings;same_spelling_does_not_override_scope_identity	src/is/fivefivefive/CanDis/core/NormalForm.java#flattenBooleanAssociationForPrenex;src/is/fivefivefive/CanDis/core/NormalForm.java#prenexChildOrder;src/is/fivefivefive/CanDis/core/NormalForm.java#hasEmptyAdmissibleBindingSet;src/is/fivefivefive/CanDis/metric/RepairProjection.java#addBinding;src/is/fivefivefive/CanDis/metric/RepairProjection.java#registerAliasType	src/is/fivefivefive/CanDis/AlloySourceRuleRegressionTest.java#checkAdversarialPrenexRegressions;src/is/fivefivefive/CanDis/AlloySourceRuleRegressionTest.java#checkExactlyOfDoesNotMintNonemptiness	NOMINAL+BOUNDARY+ROBUSTNESS	PARTIAL	PARTIAL	Same-carrier scheduling, one-empty-binding EXACTLY-none, and scope-path separation from colliding source spellings are formally modeled; four parser-backed implication/IFF shadowing controls now prepare and remain source-equivalent through scope 3 within a 332-check suite, while complete alias/De Bruijn, cross-carrier, guarded truth-table, and Java-refinement obligations remain open
P5-15	14959fe8a629b4661550cf2c51b90cb123c9bc6e9a53974d9201e6abd465c2b1	docs/section3-repair-audit/formal/Phase5SourceRules.lean	exact_none_spelling_is_builtin;exact_univ_spelling_is_builtin;capitalized_none_is_a_user_signature;capitalized_univ_is_a_user_signature;every_nonreserved_name_is_a_user_signature;none_and_univ_are_distinct_on_bool	src/is/fivefivefive/CanDis/adapter/AlloyAstTermAdapter.java#fromAst;src/is/fivefivefive/ACGN/alloy/SigSymbol.java#getSemanticIdentity;src/is/fivefivefive/CanDis/ir/IRAgent.java#attachSourceMetadata;src/is/fivefivefive/CanDis/core/EGraphNode.java#isSetConstant;src/is/fivefivefive/CanDis/core/NormalForm.java#isNone	src/is/fivefivefive/CanDis/AlloySourceRuleRegressionTest.java#main;src/is/fivefivefive/CanDis/EGraphSaturationTest.java#main;src/is/fivefivefive/CanDis/ablation/EGraphAblationTest.java#main	NOMINAL+BOUNDARY+ROBUSTNESS	PROVED	PARTIAL	The original solver-backed P5BuiltinIdentityProbe now reports rawEquivalent=false and all four formerly unsound canonical equalities false; 127 parser-backed checks cover certified and five ablation paths; structural coverage and immutable-snapshot review remain open
P6-01	e625a3fff5e8782c07ad6244c747ac604a4d7d38a8d00826deeab4a69fd8da4f	MISSING	MISSING	MISSING	MISSING	MISSING	MISSING	MISSING	generated skeleton; evidence not yet mapped
P6-02	a70a23757edbad6b6df818bf52d73b4512b2ad72b43cb1839140f6d28d315c7b	MISSING	MISSING	MISSING	MISSING	MISSING	MISSING	MISSING	generated skeleton; evidence not yet mapped
P6-03	45f999c757b05feda276c39aefd8c3cd7a5941e1516d0d1ef3377bc0e54a4c92	docs/section3-repair-audit/formal/Phase6OrbitCanonicalization.lean	producer_and_verifier_candidate_orders_are_identical;shared_candidate_key_is_injective;complete_permutation_action_key_is_injective;larger_witness_loses_equal_shape_tie	src/is/fivefivefive/CanDis/theory/CanonicalPermutationPresentation.java#candidateKey;certificate-verifier/src/org/acgn/cert/SemanticEvidenceVerifier.java#candidateKey	src/is/fivefivefive/CanDis/theory/Phase6SemanticOrderProducerRegressionTest.java#main;certificate-verifier/test/org/acgn/cert/Phase6SemanticOrderVerifierRegressionTest.java#main	NOMINAL+BOUNDARY+ROBUSTNESS	PARTIAL	PARTIAL	Shared complete candidate ordering has bounded producer/verifier probes; totality over all Java values and execution-set equality remain open
P6-04	7b0dee34e7f1ce3e1774ef70661ff0249a5f8cb0ac81f3a0b6c96860099f471d	MISSING	MISSING	MISSING	MISSING	MISSING	MISSING	MISSING	generated skeleton; evidence not yet mapped
P6-05	b34e6b29a65b25d7df3172e4cbe2616823eddba0802a3fb025b956d81d5cbee9	MISSING	MISSING	MISSING	MISSING	MISSING	MISSING	MISSING	generated skeleton; evidence not yet mapped
P6-06	27a44c285ef9c3d94f0192e868dbdef31b75f30b437c4302d01f45855bf948fb	MISSING	MISSING	MISSING	MISSING	MISSING	MISSING	MISSING	generated skeleton; evidence not yet mapped
P6-07	ae07e21c44f6e74f8dba90cf18facc04a64364d71692260af160b77098267802	MISSING	MISSING	MISSING	MISSING	MISSING	MISSING	MISSING	generated skeleton; evidence not yet mapped
P6-08	93da2981342fe07d284f85505347dc6f6eee76234b4fb95cd0d4498ea7c5560f	MISSING	MISSING	MISSING	MISSING	MISSING	MISSING	MISSING	generated skeleton; evidence not yet mapped
P6-09	6a274f121f2919d837dbc11d0f4e7aa20981d1512883b4ef1baa8a963e87e48a	MISSING	MISSING	MISSING	MISSING	MISSING	MISSING	MISSING	generated skeleton; evidence not yet mapped
P6-10	7c8f4b849013805acf43acea19a5fb3bff577e7307ea9e7306d07a619900a3bb	MISSING	MISSING	MISSING	MISSING	MISSING	MISSING	MISSING	generated skeleton; evidence not yet mapped
P6-11	c2f169cce3d75f03a134ef21ac8f5d715c15512ad663f67403ed09173f37f635	docs/section3-repair-audit/formal/Phase4CollisionBuckets.lean;docs/section3-repair-audit/formal/Phase6OrbitCanonicalization.lean;docs/section3-repair-audit/formal/Phase4WitnessUnfold.lean	acceptedWireVersion;rooted_keys_separate_roots;verified_witness_is_definitional_equality	certificate-verifier/src/org/acgn/cert/Bundle.java#FORMAT_VERSION;certificate-verifier/src/org/acgn/cert/IndependentVerifier.java#verify	certificate-verifier/test/org/acgn/cert/VerifierTest.java#main;certificate-verifier/test/org/acgn/cert/ProducerSemanticEvidenceMutationTest.java#main	NOMINAL+BOUNDARY+ROBUSTNESS	PROVED	PARTIAL	Lean admits exactly schema v8 and proves rooted identity plus definitional witness equality; standalone mutation suites reject old-version relabeling, while a complete Java-to-contract refinement and frozen review remain open
P6-12	81348c205914caa38cb968d9ae5d8003ee87f20b7ae4540d6b1f8a5b74c21e0b	MISSING	MISSING	MISSING	MISSING	MISSING	MISSING	MISSING	generated skeleton; evidence not yet mapped
P6-13	8a84a56322463d2907cad93c9d40a45df948b23fbdb49071c19c3de9a52bb849	MISSING	MISSING	MISSING	MISSING	MISSING	MISSING	MISSING	generated skeleton; evidence not yet mapped
M-01	411f909cf04e36c7cf147a39e439a8ac4e1f125648ac8bc49ff04e7641f52fb0	docs/section3-repair-audit/formal/RepairMetricSemantics.lean	decomposition_is_additive	src/is/fivefivefive/CanDis/metric/QuotientRepairDistance.java#evaluate	src/is/fivefivefive/CanDis/metric/QuotientRepairDistanceTest.java#main	NOMINAL+BOUNDARY+ROBUSTNESS	PARTIAL	PARTIAL	Additive abstract decomposition and Java component checks are mapped; complete observation/algorithm refinement remains open
M-02	f4368894364f7b37b2b3b977a96546330f6c4c2432787d84c413c1811184865f	MISSING	MISSING	MISSING	MISSING	MISSING	MISSING	MISSING	generated skeleton; evidence not yet mapped
M-03	7eabb6d6864fe4367cfc9db4c9fdd2e4749ede9e561c2fe9dd0221ec82ebc686	MISSING	MISSING	MISSING	MISSING	MISSING	MISSING	MISSING	generated skeleton; evidence not yet mapped
M-04	b38dac4132acd08f72c6c8bb80903d27fa13dc94514015864904d3bda0cde941	MISSING	MISSING	MISSING	MISSING	MISSING	MISSING	MISSING	generated skeleton; evidence not yet mapped
M-05	ae25f1591bf2444e4a790eecefc661e0d7fb664f85f4489880e5ff3fd4df71e5	docs/section3-repair-audit/formal/OrderedTreeEditDistance.lean	ordered_forest_recurrence;empty_forest_insert_cost_is_node_count;empty_forest_delete_cost_is_node_count;deleting_internal_unary_node_costs_one;inserting_internal_unary_node_costs_one	src/is/fivefivefive/CanDis/core/OrderedTreeEditDistance.java#computeForestDistance;src/is/fivefivefive/CanDis/metric/QuotientRepairDistance.java#temporalDistance;src/is/fivefivefive/CanDis/core/CanonicalDistance.java#treeDistance	src/is/fivefivefive/CanDis/metric/QuotientRepairDistanceTest.java#exhaustiveOrderedMappingDistance;src/is/fivefivefive/CanDis/metric/QuotientRepairDistanceTest.java#mappingCompatible	NOMINAL+BOUNDARY+ROBUSTNESS	PROVED	PARTIAL	Lean 4.33.0 proves the unit ordered-forest recurrence and decisive promotion witnesses; 49 bounded tree pairs agree with an independent exhaustive ordered-mapping oracle, plus relabel/order/null boundaries; structural coverage and Java-to-contract refinement remain open
M-06	c0555b47a5d5600ac28e70a2404e4363354ddadcbca5548641295a23340d5da0	MISSING	MISSING	MISSING	MISSING	MISSING	MISSING	MISSING	generated skeleton; evidence not yet mapped
M-07	30b8d68cd64575f4f43092267b09821ce508aa0acf5aa17d714ee089dfd1b8bc	MISSING	MISSING	MISSING	MISSING	MISSING	MISSING	MISSING	generated skeleton; evidence not yet mapped
M-08	6cdba895e5c214be033587a85df6f3b54900a71c7730823938a69b550d5871a6	docs/section3-repair-audit/formal/ConcreteRepairMetric.lean	boundedVectorExpectations;profileMismatchIsFirst;temporalQuantifierMatrixCompositionIsAdditive;alphaUsesAllMaximumCardinalityMappings	src/is/fivefivefive/CanDis/metric/QuotientRepairDistance.java#evaluate	src/is/fivefivefive/CanDis/metric/ConcreteRepairMetricRefinementTest.java#main	NOMINAL+BOUNDARY+ROBUSTNESS	PARTIAL	PARTIAL	Eleven bounded Lean vectors agree with Java in 76 checks; general pruning, Hungarian, and candidate-order preservation remain open
