rule_id	scope	rule	baseline_name	lean_refs	java_refs	test_refs	status	notes
R0-CORE-001	BASELINE	Parser operator aliases preserve denotation	operator aliases	docs/section3-repair-audit/formal/Phase5SourceRules.lean#operator_alias_preserves_denotation	src/is/fivefivefive/CanDis/core/egraph/AlloyRewriteSystem.java#rewriteNode	src/is/fivefivefive/CanDis/ablation/EGraphAblationTest.java#main	PROVED_AND_CONNECTED	Alias spelling changes no semantic operator.
R0-CORE-002	BASELINE	NOOP and internal END wrappers erase without changing payload	NOOP elimination	docs/section3-repair-audit/formal/Phase5SourceRules.lean#noop_elimination;docs/section3-repair-audit/formal/Phase5SourceRules.lean#end_marker_elimination_preserves_payload	src/is/fivefivefive/CanDis/core/egraph/AlloyRewriteSystem.java#rewriteNode;src/is/fivefivefive/CanDis/core/NormalForm.java#removeEndNodes	src/is/fivefivefive/CanDis/EGraphSaturationTest.java#testEndEliminatedFromNormalForm	PROVED_AND_CONNECTED	Only structural wrappers are removed.
R0-CORE-003	BOTH	Capture-avoiding LET beta reduction	capture-avoiding let beta reduction	docs/section3-repair-audit/formal/Phase5SourceRules.lean#let_beta_reduction;docs/section3-repair-audit/formal/Phase5SourceRules.lean#let_substitution_uses_lexical_identity	src/is/fivefivefive/CanDis/core/egraph/AlloyRewriteSystem.java#rewriteNode;src/is/fivefivefive/CanDis/core/NormalForm.java#betaRewriteLet	src/is/fivefivefive/CanDis/EGraphSaturationTest.java#testLetReferenceSurvivesEndCleanupUntilBetaReduction	PROVED_AND_CONNECTED	Lexical binder identity, not spelling, controls substitution.
R0-CORE-004	BOTH	Implication eliminates to disjunction with a negated antecedent	implication elimination	docs/section3-repair-audit/formal/Phase5SourceRules.lean#implication_elimination	src/is/fivefivefive/CanDis/core/egraph/AlloyRewriteSystem.java#rewriteNode;src/is/fivefivefive/CanDis/core/NormalForm.java#rewriteBranchConnectives;src/is/fivefivefive/CanDis/core/EGraphNode.java#saturateOnce	src/is/fivefivefive/CanDis/EGraphSaturationTest.java#testImplicationSaturation	PROVED_AND_CONNECTED	The antecedent is the unique implicit-negative branch.
R0-CORE-005	BOTH	IFF eliminates to the conjunction of both implications	iff elimination	docs/section3-repair-audit/formal/Phase5SourceRules.lean#iff_elimination	src/is/fivefivefive/CanDis/core/egraph/AlloyRewriteSystem.java#rewriteNode;src/is/fivefivefive/CanDis/core/NormalForm.java#rewriteBranchConnectives;src/is/fivefivefive/CanDis/core/NormalForm.java#expandIff	src/is/fivefivefive/CanDis/EGraphSaturationTest.java#testIffPrenexPolarity	PROVED_AND_CONNECTED	Both implicit-negative branches are retained.
R0-CORE-006	BOTH	Boolean ITE eliminates to guarded then and else branches	formula ITE elimination	docs/section3-repair-audit/formal/Phase5SourceRules.lean#formula_ite_elimination	src/is/fivefivefive/CanDis/core/egraph/AlloyRewriteSystem.java#rewriteNode;src/is/fivefivefive/CanDis/core/NormalForm.java#rewriteBranchConnectives;src/is/fivefivefive/CanDis/core/NormalForm.java#expandIte	src/is/fivefivefive/CanDis/EGraphSaturationTest.java#testIteEliminatedFromNormalForm	PROVED_AND_CONNECTED	The else branch receives the condition negation.
R0-CORE-007	BOTH	Boolean constant negation and double negation	boolean constant negation and double negation	docs/section3-repair-audit/formal/Phase5SourceRules.lean#double_negation_elimination;docs/section3-repair-audit/formal/Phase5SourceRules.lean#negated_true_is_false;docs/section3-repair-audit/formal/Phase5SourceRules.lean#negated_false_is_true	src/is/fivefivefive/CanDis/core/egraph/AlloyRewriteSystem.java#rewriteNot;src/is/fivefivefive/CanDis/core/NormalForm.java#toNNF;src/is/fivefivefive/CanDis/core/NormalForm.java#normalizeGuardedSourceRules;src/is/fivefivefive/CanDis/core/EGraphNode.java#saturateOnce	src/is/fivefivefive/CanDis/EGraphSaturationTest.java#testDoubleNegationAndIdempotence	PROVED_AND_CONNECTED	Applies only to authorized Boolean formulas.
R0-CORE-008	BOTH	De Morgan dualizes conjunction and disjunction	De Morgan	docs/section3-repair-audit/formal/Phase5SourceRules.lean#de_morgan_conjunction;docs/section3-repair-audit/formal/Phase5SourceRules.lean#de_morgan_disjunction	src/is/fivefivefive/CanDis/core/egraph/AlloyRewriteSystem.java#rewriteNot;src/is/fivefivefive/CanDis/core/NormalForm.java#toNNF;src/is/fivefivefive/CanDis/core/NormalForm.java#prenexNegatedNonQuantifier;src/is/fivefivefive/CanDis/core/EGraphNode.java#saturateOnce	src/is/fivefivefive/CanDis/EGraphSaturationTest.java#testDeMorganSaturation	PROVED_AND_CONNECTED	The proof covers each operand and Java generalizes over the variadic container.
R0-CORE-009	BOTH	Atomic formula negation uses exact semantic duals	atomic negation duals	docs/section3-repair-audit/formal/Phase5SourceRules.lean#negated_equality_is_inequality;docs/section3-repair-audit/formal/Phase5SourceRules.lean#negated_inequality_is_equality;docs/section3-repair-audit/formal/Phase5SourceRules.lean#negated_int_gt_is_lte;docs/section3-repair-audit/formal/Phase5SourceRules.lean#negated_int_gte_is_lt;docs/section3-repair-audit/formal/Phase5SourceRules.lean#negated_int_lt_is_gte;docs/section3-repair-audit/formal/Phase5SourceRules.lean#negated_int_lte_is_gt;docs/section3-repair-audit/formal/Phase5SourceRules.lean#negated_subset_is_not_subset;docs/section3-repair-audit/formal/Phase5SourceRules.lean#negated_not_subset_is_subset;docs/section3-repair-audit/formal/Phase5SourceRules.lean#negated_some_is_no;docs/section3-repair-audit/formal/Phase5SourceRules.lean#negated_no_is_some	src/is/fivefivefive/CanDis/core/egraph/AlloyRewriteSystem.java#rewriteNot;src/is/fivefivefive/CanDis/core/NormalForm.java#toNNF;src/is/fivefivefive/CanDis/core/NormalForm.java#dualOpcode	src/is/fivefivefive/CanDis/EGraphSaturationTest.java#testQuantifierPolarityRules	PROVED_AND_CONNECTED	Comparison proofs use exact integer order and subset semantics.
R0-CORE-010	BOTH	Temporal negation uses all eight unary and binary duals	temporal negation duals	docs/section3-repair-audit/formal/Phase5SourceRules.lean#negated_always_is_eventually_not;docs/section3-repair-audit/formal/Phase5SourceRules.lean#negated_eventually_is_always_not;docs/section3-repair-audit/formal/Phase5SourceRules.lean#negated_historically_is_once_not;docs/section3-repair-audit/formal/Phase5SourceRules.lean#negated_once_is_historically_not;docs/section3-repair-audit/formal/Phase5SourceRules.lean#negated_until_is_release_not;docs/section3-repair-audit/formal/Phase5SourceRules.lean#negated_release_is_until_not;docs/section3-repair-audit/formal/Phase5SourceRules.lean#negated_since_is_triggered_not;docs/section3-repair-audit/formal/Phase5SourceRules.lean#negated_triggered_is_since_not	src/is/fivefivefive/CanDis/core/egraph/AlloyRewriteSystem.java#rewriteNot;src/is/fivefivefive/CanDis/core/NormalForm.java#dualOpcode;src/is/fivefivefive/CanDis/core/NormalForm.java#pushTemporalNegations	src/is/fivefivefive/CanDis/EGraphSaturationTest.java#testTemporalNegationCrossesPhaseBoundary	PROVED_AND_CONNECTED	Lean uses direct trace semantics for release and triggered, not aliases.
R0-CORE-011	BOTH	Negated quantifiers switch quantifier kind and matrix polarity	quantifier negation duals	docs/section3-repair-audit/formal/Phase5SourceRules.lean#negated_forall_is_exists_not;docs/section3-repair-audit/formal/Phase5SourceRules.lean#negated_exists_is_forall_not;docs/section3-repair-audit/formal/Phase5SourceRules.lean#negated_no_quantifier_is_some;docs/section3-repair-audit/formal/Phase5SourceRules.lean#negated_one_is_notone;docs/section3-repair-audit/formal/Phase5SourceRules.lean#negated_lone_is_notlone;docs/section3-repair-audit/formal/Phase5SourceRules.lean#negated_notone_is_one;docs/section3-repair-audit/formal/Phase5SourceRules.lean#negated_notlone_is_lone	src/is/fivefivefive/CanDis/core/egraph/AlloyRewriteSystem.java#rewriteNot;src/is/fivefivefive/CanDis/core/egraph/AlloyRewriteSystem.java#rewriteQuantifier;src/is/fivefivefive/CanDis/core/NormalForm.java#quantifierOf;src/is/fivefivefive/CanDis/core/NormalForm.java#prenexWithBoundaryAllowance	src/is/fivefivefive/CanDis/EGraphSaturationTest.java#testOneAndLoneQuantifierNegation	PROVED_AND_CONNECTED	ONE and LONE consume negation into explicit internal complements.
R0-CORE-012	BOTH	NO quantification expands to universal quantification of a negated body	no-to-all-not quantifier expansion	docs/section3-repair-audit/formal/Phase5SourceRules.lean#no_quantifier_is_all_not	src/is/fivefivefive/CanDis/core/egraph/AlloyRewriteSystem.java#rewriteQuantifier;src/is/fivefivefive/CanDis/core/NormalForm.java#quantifierOf;src/is/fivefivefive/CanDis/core/NormalForm.java#prenexWithBoundaryAllowance	src/is/fivefivefive/CanDis/EGraphSaturationTest.java#testAllNoNotQuantifierEquivalence	PROVED_AND_CONNECTED	No second matrix negation is introduced.
R0-CORE-013	BOTH	Quantification over an empty admissible domain folds by quantifier truth	empty quantifier domains	docs/section3-repair-audit/formal/Phase5SourceRules.lean#empty_domain_all;docs/section3-repair-audit/formal/Phase5SourceRules.lean#empty_domain_not_some;docs/section3-repair-audit/formal/Phase5SourceRules.lean#empty_domain_no;docs/section3-repair-audit/formal/Phase5SourceRules.lean#empty_domain_not_one;docs/section3-repair-audit/formal/Phase5SourceRules.lean#empty_domain_lone;docs/section3-repair-audit/formal/Phase5SourceRules.lean#empty_domain_not_not_lone	src/is/fivefivefive/CanDis/core/egraph/AlloyRewriteSystem.java#rewriteNode;src/is/fivefivefive/CanDis/core/egraph/AlloyRewriteSystem.java#rewriteQuantifier;src/is/fivefivefive/CanDis/core/NormalForm.java#emptyTupleDomainValue;src/is/fivefivefive/CanDis/core/NormalForm.java#prenexWithBoundaryAllowance	src/is/fivefivefive/CanDis/EGraphSaturationTest.java#testEmptyDomainQuantifierRewrite	PROVED_AND_CONNECTED	The admissible binding set, not spelling alone, must be empty.
R0-CORE-014	BASELINE	Carrier-independent false or true quantified bodies fold exactly	constant quantifier bodies	docs/section3-repair-audit/formal/Phase5SourceRules.lean#all_true_body;docs/section3-repair-audit/formal/Phase5SourceRules.lean#some_false_body_is_false;docs/section3-repair-audit/formal/Phase5SourceRules.lean#no_false_body_is_true;docs/section3-repair-audit/formal/Phase5SourceRules.lean#one_false_body_is_false;docs/section3-repair-audit/formal/Phase5SourceRules.lean#lone_false_body_is_true;docs/section3-repair-audit/formal/Phase5SourceRules.lean#notone_false_body_is_true;docs/section3-repair-audit/formal/Phase5SourceRules.lean#notlone_false_body_is_false	src/is/fivefivefive/CanDis/core/egraph/AlloyRewriteSystem.java#rewriteNode;src/is/fivefivefive/CanDis/core/egraph/AlloyRewriteSystem.java#rewriteQuantifier	src/is/fivefivefive/CanDis/ablation/EGraphAblationTest.java#main	PROVED_AND_CONNECTED	Carrier-dependent constant cases remain explicit.
R0-CORE-015	BOTH	Existential quantification moves across conjunction without capture	safe existential-conjunction prenex	docs/section3-repair-audit/formal/Phase5SourceRules.lean#safe_exists_conjunction_prenex	src/is/fivefivefive/CanDis/core/egraph/AlloyRewriteSystem.java#rewriteNode;src/is/fivefivefive/CanDis/core/NormalForm.java#prenexWithBoundaryAllowance	src/is/fivefivefive/CanDis/EGraphSaturationTest.java#testCommutingPrenexBindingsIgnoreBranchOrder	PROVED_AND_CONNECTED	The outside branch is independent of the bound variable.
R0-CORE-016	BOTH	Universal quantification moves across disjunction without capture	safe universal-disjunction prenex	docs/section3-repair-audit/formal/Phase5SourceRules.lean#safe_forall_disjunction_prenex	src/is/fivefivefive/CanDis/core/egraph/AlloyRewriteSystem.java#rewriteNode;src/is/fivefivefive/CanDis/core/NormalForm.java#prenexWithBoundaryAllowance	src/is/fivefivefive/CanDis/EGraphSaturationTest.java#testCommutingPrenexBindingsIgnoreBranchOrder	PROVED_AND_CONNECTED	The outside branch is independent of the bound variable.
R0-CORE-017	BOTH	Licensed Boolean relational integer and dependent-chain operators flatten associatively	associativity	docs/section3-repair-audit/formal/Phase5SourceRules.lean#boolean_and_associative;docs/section3-repair-audit/formal/Phase5SourceRules.lean#boolean_or_associative;docs/section3-repair-audit/formal/Phase5SourceRules.lean#relation_union_associative;docs/section3-repair-audit/formal/Phase5SourceRules.lean#relation_intersection_associative;docs/section3-repair-audit/formal/Phase5SourceRules.lean#integer_addition_associative;docs/section3-repair-audit/formal/Phase5SourceRules.lean#integer_multiplication_associative;docs/section3-repair-audit/formal/Phase5SourceRules.lean#relation_join_associative;docs/section3-repair-audit/formal/PhaseA2DependentChains.lean#arrow_reassociation	src/is/fivefivefive/CanDis/core/egraph/AlloyRewriteSystem.java#rewriteNode;src/is/fivefivefive/CanDis/core/egraph/AlloyRewriteSystem.java#flatten;src/is/fivefivefive/CanDis/core/NormalForm.java#normalizeAssociativeCommutative;src/is/fivefivefive/CanDis/core/NormalForm.java#flattenBooleanAssociationForPrenex;src/is/fivefivefive/CanDis/core/EGraphNode.java#saturateOnce	src/is/fivefivefive/CanDis/EGraphSaturationTest.java#testAssociativeCommutativeSaturation;src/is/fivefivefive/CanDis/EGraphSaturationTest.java#testAssociativeNoncommutativeJoin	PROVED_AND_CONNECTED	JOIN and ARROW retain sequence order and require dependent boundary evidence.
R0-CORE-018	BOTH	Licensed Boolean relational integer comparison and disjoint operators commute	commutativity	docs/section3-repair-audit/formal/Phase5SourceRules.lean#boolean_and_commutative;docs/section3-repair-audit/formal/Phase5SourceRules.lean#boolean_or_commutative;docs/section3-repair-audit/formal/Phase5SourceRules.lean#relation_union_commutative;docs/section3-repair-audit/formal/Phase5SourceRules.lean#relation_intersection_commutative;docs/section3-repair-audit/formal/Phase5SourceRules.lean#integer_addition_commutative;docs/section3-repair-audit/formal/Phase5SourceRules.lean#integer_multiplication_commutative;docs/section3-repair-audit/formal/Phase5SourceRules.lean#equality_commutative;docs/section3-repair-audit/formal/Phase5SourceRules.lean#inequality_commutative;docs/section3-repair-audit/formal/Phase5SourceRules.lean#iff_commutative;docs/section3-repair-audit/formal/FullCorpusNonTemporalP0.lean#disjoint_is_commutative	src/is/fivefivefive/CanDis/core/egraph/AlloyRewriteSystem.java#rewriteNode;src/is/fivefivefive/CanDis/core/NormalForm.java#normalizeAssociativeCommutative;src/is/fivefivefive/CanDis/core/EGraphNode.java#saturateOnce	src/is/fivefivefive/CanDis/EGraphSaturationTest.java#testAssociativeCommutativeSaturation	PROVED_AND_CONNECTED	Sequence operators are excluded.
R0-CORE-019	BOTH	Only SET or otherwise licensed ACI operators eliminate duplicate operands	idempotence	docs/section3-repair-audit/formal/Phase5SourceRules.lean#boolean_and_idempotent;docs/section3-repair-audit/formal/Phase5SourceRules.lean#boolean_or_idempotent;docs/section3-repair-audit/formal/Phase5SourceRules.lean#relation_union_idempotent;docs/section3-repair-audit/formal/Phase5SourceRules.lean#relation_intersection_idempotent	src/is/fivefivefive/CanDis/core/egraph/AlloyRewriteSystem.java#rewriteNode;src/is/fivefivefive/CanDis/core/NormalForm.java#normalizeAssociativeCommutative;src/is/fivefivefive/CanDis/core/EGraphNode.java#saturateOnce	src/is/fivefivefive/CanDis/EGraphSaturationTest.java#testBagMultiplicityPreservedUntilExplicitRewrite	PROVED_AND_CONNECTED	Integer BAG and relational SEQUENCE multiplicities are retained.
R0-CORE-020	BOTH	Boolean identities and annihilators simplify exact Boolean containers	boolean identities and annihilators	docs/section3-repair-audit/formal/Phase5SourceRules.lean#boolean_and_true_identity;docs/section3-repair-audit/formal/Phase5SourceRules.lean#boolean_or_false_identity;docs/section3-repair-audit/formal/Phase5SourceRules.lean#boolean_and_false_absorbs;docs/section3-repair-audit/formal/Phase5SourceRules.lean#boolean_or_true_absorbs	src/is/fivefivefive/CanDis/core/egraph/AlloyRewriteSystem.java#rewriteNode;src/is/fivefivefive/CanDis/core/NormalForm.java#normalizeGuardedSourceRules;src/is/fivefivefive/CanDis/core/EGraphNode.java#saturateOnce	src/is/fivefivefive/CanDis/EGraphSaturationTest.java#testBooleanIdentitySaturation	PROVED_AND_CONNECTED	Generic Bool-looking metadata is not authority.
R0-CORE-021	BOTH	A proposition and its certified complement collapse the Boolean container	boolean complements	docs/section3-repair-audit/formal/Phase5SourceRules.lean#boolean_complement_or_is_true;docs/section3-repair-audit/formal/Phase5SourceRules.lean#boolean_complement_and_is_false;docs/section3-repair-audit/formal/Phase5SourceRules.lean#equivalent_boolean_complement_or_is_true;docs/section3-repair-audit/formal/Phase5SourceRules.lean#equivalent_boolean_complement_and_is_false	src/is/fivefivefive/CanDis/core/egraph/AlloyRewriteSystem.java#rewriteNode;src/is/fivefivefive/CanDis/core/NormalForm.java#normalizeGuardedSourceRules;src/is/fivefivefive/CanDis/core/EGraphNode.java#saturateOnce	src/is/fivefivefive/CanDis/EGraphSaturationTest.java#testComplementEliminatesRedundantSlot	PROVED_AND_CONNECTED	Operand equality must be certified in the same quotient.
R0-CORE-022	BOTH	Subset membership against none or univ folds only under its exact guards	membership in none/univ	docs/section3-repair-audit/formal/Phase5SourceRules.lean#none_in_every_same_arity_relation;docs/section3-repair-audit/formal/Phase5SourceRules.lean#nonempty_in_none_is_false;docs/section3-repair-audit/formal/Phase5SourceRules.lean#every_relation_in_univ;docs/section3-repair-audit/formal/Phase5SourceRules.lean#none_not_in_same_arity_relation_is_false;docs/section3-repair-audit/formal/Phase5SourceRules.lean#nonempty_not_in_none_is_true;docs/section3-repair-audit/formal/Phase5SourceRules.lean#no_relation_not_in_univ	src/is/fivefivefive/CanDis/core/egraph/AlloyRewriteSystem.java#rewriteNode;src/is/fivefivefive/CanDis/core/NormalForm.java#normalizeGuardedSourceRules;src/is/fivefivefive/CanDis/core/EGraphNode.java#saturateOnce	src/is/fivefivefive/CanDis/EGraphSaturationTest.java#testSetIdentitySaturation	PROVED_AND_CONNECTED	The false none rule requires a nonempty left relation.
R0-CORE-023	BOTH	Relational union eliminates none and absorbs univ	relational union with none	docs/section3-repair-audit/formal/Phase5SourceRules.lean#relation_union_none_is_relation;docs/section3-repair-audit/formal/Phase5SourceRules.lean#relation_union_univ_is_univ	src/is/fivefivefive/CanDis/core/egraph/AlloyRewriteSystem.java#rewriteNode;src/is/fivefivefive/CanDis/core/NormalForm.java#normalizeGuardedSourceRules;src/is/fivefivefive/CanDis/core/EGraphNode.java#saturateOnce	src/is/fivefivefive/CanDis/EGraphSaturationTest.java#testSetIdentitySaturation	PROVED_AND_CONNECTED	Only authenticated same-arity constants participate.
R0-CORE-024	BOTH	Relational intersection absorbs none and eliminates univ	relational intersection with none	docs/section3-repair-audit/formal/Phase5SourceRules.lean#relation_intersection_none_is_none;docs/section3-repair-audit/formal/Phase5SourceRules.lean#relation_intersection_univ_is_relation	src/is/fivefivefive/CanDis/core/egraph/AlloyRewriteSystem.java#rewriteNode;src/is/fivefivefive/CanDis/core/NormalForm.java#normalizeGuardedSourceRules;src/is/fivefivefive/CanDis/core/EGraphNode.java#saturateOnce	src/is/fivefivefive/CanDis/EGraphSaturationTest.java#testSetIdentitySaturation	PROVED_AND_CONNECTED	Only authenticated same-arity constants participate.
R0-STRUCT-001	PRODUCTION	Alpha renaming preserves the scoped binder action		docs/section3-repair-audit/formal/Phase6OrbitCanonicalization.lean#action_alpha_canonical_serialization_commutes;docs/section3-repair-audit/formal/PrenexAciScheduling.lean#different_scope_paths_separate_shadowed_bindings	src/is/fivefivefive/CanDis/core/NormalForm.java#alphaRenameBoundVariables;src/is/fivefivefive/CanDis/core/NormalForm.java#alphaRenameRelDecl	src/is/fivefivefive/CanDis/EGraphSaturationTest.java#testAlphaRenamingKeepsCanonicalDistanceZero	PROVED_AND_CONNECTED	Readable names are diagnostics only; scope identity controls slots.
R0-BIND-001	PRODUCTION	Complex quantified domains become exact local implication conjunction or negated-existence guards		docs/section3-repair-audit/formal/Phase5SourceRules.lean#universal_complex_domain_guard;docs/section3-repair-audit/formal/Phase5SourceRules.lean#existential_complex_domain_guard;docs/section3-repair-audit/formal/Phase5SourceRules.lean#no_complex_domain_guard	src/is/fivefivefive/CanDis/core/NormalForm.java#applyDomainConstraints;src/is/fivefivefive/CanDis/core/NormalForm.java#prenexRelDecl	src/is/fivefivefive/CanDis/EGraphSaturationTest.java#testPrimitiveDomainConstraintNotDuplicatedInMatrix	PROVED_AND_CONNECTED	Primitive carrier facts already encoded in QuantiVar are not duplicated.
R0-BIND-002	PRODUCTION	A single quantified membership formula reduces according to multiplicity polarity and exact set semantics		docs/section3-repair-audit/formal/Phase5SourceRules.lean#all_admitted_positive_membership_iff_domain_subset;docs/section3-repair-audit/formal/Phase5SourceRules.lean#some_set_positive_membership_is_true;docs/section3-repair-audit/formal/Phase5SourceRules.lean#some_lone_positive_membership_is_true;docs/section3-repair-audit/formal/Phase5SourceRules.lean#some_some_positive_membership_iff_intersection_nonempty;docs/section3-repair-audit/formal/Phase5SourceRules.lean#some_one_positive_membership_iff_intersection_nonempty;docs/section3-repair-audit/formal/Phase5SourceRules.lean#no_set_positive_membership_is_false;docs/section3-repair-audit/formal/Phase5SourceRules.lean#no_lone_positive_membership_is_false;docs/section3-repair-audit/formal/Phase5SourceRules.lean#no_some_positive_membership_iff_intersection_empty;docs/section3-repair-audit/formal/Phase5SourceRules.lean#no_one_positive_membership_iff_intersection_empty;docs/section3-repair-audit/formal/Phase5SourceRules.lean#no_negative_membership_iff_domain_subset;docs/section3-repair-audit/formal/Phase5SourceRules.lean#some_negative_membership_iff_difference_nonempty;docs/section3-repair-audit/formal/Phase5SourceRules.lean#all_set_negative_membership_is_false;docs/section3-repair-audit/formal/Phase5SourceRules.lean#all_lone_negative_membership_is_false;docs/section3-repair-audit/formal/Phase5SourceRules.lean#all_some_negative_membership_iff_intersection_empty;docs/section3-repair-audit/formal/Phase5SourceRules.lean#all_one_negative_membership_iff_intersection_empty	src/is/fivefivefive/CanDis/core/NormalForm.java#eliminateSingleMembershipQuantifier;src/is/fivefivefive/CanDis/core/EGraphNode.java#parserCertifiedMembershipQuantifierElimination	src/is/fivefivefive/CanDis/CanonicalAlloyPipelineTest.java#main	PROVED_AND_CONNECTED	EXACTLY multiplicity is explicitly outside this eliminator.
R0-REL-001	PRODUCTION	Converse is involutive and distributes over union intersection and difference		docs/section3-repair-audit/formal/Phase5SourceRules.lean#converse_involutive;docs/section3-repair-audit/formal/Phase5SourceRules.lean#converse_distributes_over_union;docs/section3-repair-audit/formal/Phase5SourceRules.lean#converse_distributes_over_intersection;docs/section3-repair-audit/formal/Phase5SourceRules.lean#converse_distributes_over_difference	src/is/fivefivefive/CanDis/core/NormalForm.java#distributeTransposeThroughContainer;src/is/fivefivefive/CanDis/core/EGraphNode.java#distributeTransposeThroughContainer	src/is/fivefivefive/CanDis/MASGVisitorTypeRegressionTest.java#checkRelationalDistributions	PROVED_AND_CONNECTED	Exact binary relation evidence is required.
R0-REL-002	PRODUCTION	Cartesian products factor unions by fixed coordinates or complete grids		docs/section3-repair-audit/formal/Phase5SourceRules.lean#relation_product_distributes_over_union_right;docs/section3-repair-audit/formal/Phase5SourceRules.lean#relation_product_distributes_over_union_left;docs/section3-repair-audit/formal/Phase5SourceRules.lean#relation_product3_distributes_over_union_third;docs/section3-repair-audit/formal/Phase5SourceRules.lean#complete_two_coordinate_grid_is_product_of_unions;docs/section3-repair-audit/formal/Phase5SourceRules.lean#partial_product_grid_does_not_cover_full_product	src/is/fivefivefive/CanDis/core/EGraphNode.java#parserCertifiedProductUnionCarrier;src/is/fivefivefive/CanDis/core/EGraphNode.java#parserCertifiedProductSubgroupReduction	src/is/fivefivefive/CanDis/CanonicalAlloyPipelineTest.java#checkCertifiedDistributiveLattices	PROVED_AND_CONNECTED	Partial and diagonal grids are barriers.
R0-REL-003	PRODUCTION	Intersections of equal-arity products factor coordinatewise		docs/section3-repair-audit/formal/Phase5SourceRules.lean#relation_product_intersection_coordinatewise;docs/section3-repair-audit/formal/Phase5SourceRules.lean#three_relation_products_intersect_coordinatewise;docs/section3-repair-audit/formal/Phase5SourceRules.lean#relation_product3_intersection_coordinatewise	src/is/fivefivefive/CanDis/core/EGraphNode.java#parserCertifiedProductIntersectionFactoring	src/is/fivefivefive/CanDis/CanonicalAlloyPipelineTest.java#checkCertifiedRelationalFactoring	PROVED_AND_CONNECTED	Every source contributes exactly one operand to every coordinate.
R0-REL-004	PRODUCTION	Boolean and relational lattices apply absorption and factored distributivity contextually		docs/section3-repair-audit/formal/Phase5SourceRules.lean#boolean_and_absorbs_or;docs/section3-repair-audit/formal/Phase5SourceRules.lean#boolean_or_absorbs_and;docs/section3-repair-audit/formal/Phase5SourceRules.lean#boolean_and_absorption_preserves_context;docs/section3-repair-audit/formal/Phase5SourceRules.lean#boolean_or_absorption_preserves_context;docs/section3-repair-audit/formal/Phase5SourceRules.lean#boolean_and_distributes_over_or;docs/section3-repair-audit/formal/Phase5SourceRules.lean#boolean_or_distributes_over_and;docs/section3-repair-audit/formal/Phase5SourceRules.lean#relation_intersection_absorbs_union;docs/section3-repair-audit/formal/Phase5SourceRules.lean#relation_union_absorbs_intersection;docs/section3-repair-audit/formal/Phase5SourceRules.lean#relation_intersection_absorption_preserves_context;docs/section3-repair-audit/formal/Phase5SourceRules.lean#relation_union_absorption_preserves_context;docs/section3-repair-audit/formal/Phase5SourceRules.lean#relation_intersection_distributes_over_union;docs/section3-repair-audit/formal/Phase5SourceRules.lean#relation_union_distributes_over_intersection	src/is/fivefivefive/CanDis/core/EGraphNode.java#parserCertifiedLatticeNormalForm;src/is/fivefivefive/CanDis/core/NormalForm.java#normalizeGuardedSourceRules	src/is/fivefivefive/CanDis/EGraphSaturationTest.java#testVariadicAbsorptionPreservesUnrelatedOperands;src/is/fivefivefive/CanDis/CanonicalAlloyPipelineTest.java#checkCertifiedDistributiveLattices	PROVED_AND_CONNECTED	Only the matched submultiset is replaced.
R0-REL-005	PRODUCTION	Difference distributes or factors against union and intersection with a common operand		docs/section3-repair-audit/formal/Phase5SourceRules.lean#difference_union_common_right;docs/section3-repair-audit/formal/Phase5SourceRules.lean#difference_intersection_common_right;docs/section3-repair-audit/formal/Phase5SourceRules.lean#difference_intersection_common_left;docs/section3-repair-audit/formal/Phase5SourceRules.lean#difference_union_common_left	src/is/fivefivefive/CanDis/core/EGraphNode.java#parserCertifiedDifferenceFactoring	src/is/fivefivefive/CanDis/CanonicalAlloyPipelineTest.java#checkCertifiedRelationalFactoring	PROVED_AND_CONNECTED	Typed slot invocations remain attached to their operand.
R0-REL-006	PRODUCTION	JOIN factors union on either side and within an ordered chain		docs/section3-repair-audit/formal/Phase5SourceRules.lean#relation_join_distributes_over_union_right;docs/section3-repair-audit/formal/Phase5SourceRules.lean#relation_join_distributes_over_union_left;docs/section3-repair-audit/formal/Phase5SourceRules.lean#relation_join_distributes_over_union_middle_context	src/is/fivefivefive/CanDis/core/EGraphNode.java#parserCertifiedJoinUnionFactoring	src/is/fivefivefive/CanDis/CanonicalAlloyPipelineTest.java#checkCertifiedRelationalFactoring	PROVED_AND_CONNECTED	JOIN order and exact boundary types are preserved.
R0-REL-007	PRODUCTION	SOME and NO distribute over finite relational union		docs/section3-repair-audit/formal/Phase5SourceRules.lean#nonempty_union_iff;docs/section3-repair-audit/formal/Phase5SourceRules.lean#no_union_iff	src/is/fivefivefive/CanDis/core/EGraphNode.java#parserCertifiedUnionCardinalityExpansion;src/is/fivefivefive/CanDis/core/EGraphNode.java#saturateRelationalUnaryRule	src/is/fivefivefive/CanDis/CanonicalAlloyPipelineTest.java#main	PROVED_AND_CONNECTED	The Boolean result uses the matching ACI polarity.
R0-REL-008	PRODUCTION	Left-nested difference accumulates removed operands by union		docs/section3-repair-audit/formal/Phase5SourceRules.lean#left_nested_difference_accumulates_union;docs/section3-repair-audit/formal/Phase5SourceRules.lean#right_nested_difference_is_not_left_nested	src/is/fivefivefive/CanDis/core/EGraphNode.java#parserCertifiedLeftNestedDifference	src/is/fivefivefive/CanDis/EGraphSaturationTest.java#testNestedDifferenceRequiresParserAuthority	PROVED_AND_CONNECTED	Right nesting is explicitly not reassociated by this rule.
R0-REL-009	PRODUCTION	Right-nested difference expands into retained difference plus restored intersection		docs/section3-repair-audit/formal/Phase5SourceRules.lean#right_nested_difference_expands	src/is/fivefivefive/CanDis/core/EGraphNode.java#parserCertifiedRightNestedDifference	src/is/fivefivefive/CanDis/CanonicalAlloyPipelineTest.java#checkCertifiedRelationalFactoring	PROVED_AND_CONNECTED	Exact relation occurrence evidence is required.
R0-REL-010	PRODUCTION	Intersection extracts and combines relational differences		docs/section3-repair-audit/formal/Phase5SourceRules.lean#intersection_extracts_difference;docs/section3-repair-audit/formal/Phase5SourceRules.lean#intersection_of_differences_accumulates_removed;docs/section3-repair-audit/formal/Phase5SourceRules.lean#intersection_of_three_differences_accumulates_removed	src/is/fivefivefive/CanDis/core/EGraphNode.java#parserCertifiedIntersectionDifferenceExtraction	src/is/fivefivefive/CanDis/CanonicalAlloyPipelineTest.java#checkCertifiedRelationalFactoring	PROVED_AND_CONNECTED	Every removed operand is retained in the result.
R0-REL-011	PRODUCTION	Product difference factors only one differing coordinate		docs/section3-repair-audit/formal/Phase5SourceRules.lean#relation_product_difference_left_coordinate;docs/section3-repair-audit/formal/Phase5SourceRules.lean#relation_product_difference_right_coordinate;docs/section3-repair-audit/formal/Phase5SourceRules.lean#relation_product3_difference_middle_coordinate;docs/section3-repair-audit/formal/Phase5SourceRules.lean#two_coordinate_product_difference_does_not_factor	src/is/fivefivefive/CanDis/core/EGraphNode.java#parserCertifiedProductDifferenceFactoring	src/is/fivefivefive/CanDis/CanonicalAlloyPipelineTest.java#checkCertifiedRelationalFactoring	PROVED_AND_CONNECTED	Multiple-coordinate differences remain explicit.
R0-REL-012	PRODUCTION	Domain and range restrictions distribute through their relation and restrictor lattices		docs/section3-repair-audit/formal/Phase5SourceRules.lean#domain_restriction_relation_union;docs/section3-repair-audit/formal/Phase5SourceRules.lean#domain_restriction_relation_intersection;docs/section3-repair-audit/formal/Phase5SourceRules.lean#domain_restriction_restrictor_union;docs/section3-repair-audit/formal/Phase5SourceRules.lean#domain_restriction_restrictor_intersection;docs/section3-repair-audit/formal/Phase5SourceRules.lean#range_restriction_relation_union;docs/section3-repair-audit/formal/Phase5SourceRules.lean#range_restriction_relation_intersection;docs/section3-repair-audit/formal/Phase5SourceRules.lean#range_restriction_restrictor_union;docs/section3-repair-audit/formal/Phase5SourceRules.lean#range_restriction_restrictor_intersection;docs/section3-repair-audit/formal/Phase5SourceRules.lean#complete_restriction_union_grid_factors;docs/section3-repair-audit/formal/Phase5SourceRules.lean#diagonal_restriction_union_does_not_factor	src/is/fivefivefive/CanDis/core/EGraphNode.java#parserCertifiedRestrictionLatticeFactoring	src/is/fivefivefive/CanDis/CanonicalAlloyPipelineTest.java#checkCertifiedRelationalFactoring	PROVED_AND_CONNECTED	Diagonal coordinate combinations do not factor.
R0-REL-013	PRODUCTION	Restriction and difference factor only in their sound coordinate laws		docs/section3-repair-audit/formal/Phase5SourceRules.lean#domain_restriction_relation_difference;docs/section3-repair-audit/formal/Phase5SourceRules.lean#domain_restriction_restrictor_difference;docs/section3-repair-audit/formal/Phase5SourceRules.lean#range_restriction_relation_difference;docs/section3-repair-audit/formal/Phase5SourceRules.lean#range_restriction_restrictor_difference;docs/section3-repair-audit/formal/Phase5SourceRules.lean#two_coordinate_restriction_difference_does_not_factor	src/is/fivefivefive/CanDis/core/EGraphNode.java#parserCertifiedRestrictionDifferenceFactoring	src/is/fivefivefive/CanDis/CanonicalAlloyPipelineTest.java#checkCertifiedRelationalFactoring	PROVED_AND_CONNECTED	Multi-coordinate difference is an explicit barrier.
R0-REL-014	PRODUCTION	Nested same-side restrictions intersect and opposite sides commute		docs/section3-repair-audit/formal/Phase5SourceRules.lean#nested_domain_restrictions_intersect;docs/section3-repair-audit/formal/Phase5SourceRules.lean#nested_range_restrictions_intersect;docs/section3-repair-audit/formal/Phase5SourceRules.lean#domain_and_range_restrictions_commute	src/is/fivefivefive/CanDis/core/EGraphNode.java#parserCertifiedNestedRestriction	src/is/fivefivefive/CanDis/CanonicalAlloyPipelineTest.java#checkCertifiedRelationalFactoring	PROVED_AND_CONNECTED	Coordinate roles remain explicit.
R0-REL-015	PRODUCTION	Converse reverses JOIN order and transposes every operand		docs/section3-repair-audit/formal/Phase5SourceRules.lean#converse_reverses_relation_join;docs/section3-repair-audit/formal/Phase5SourceRules.lean#converse_join_same_order_is_not_general	src/is/fivefivefive/CanDis/core/EGraphNode.java#parserCertifiedTransposeJoinReversal	src/is/fivefivefive/CanDis/CanonicalAlloyPipelineTest.java#main	PROVED_AND_CONNECTED	Preserving source order is a proved counterexample.
R0-REL-016	PRODUCTION	Converse commutes with transitive and reflexive-transitive closure		docs/section3-repair-audit/formal/Phase5SourceRules.lean#converse_transitive_closure;docs/section3-repair-audit/formal/Phase5SourceRules.lean#converse_reflexive_transitive_closure	src/is/fivefivefive/CanDis/core/EGraphNode.java#parserCertifiedTransposeClosureCommutation	src/is/fivefivefive/CanDis/CanonicalAlloyPipelineTest.java#main	PROVED_AND_CONNECTED	Closure kind is preserved.
R0-REL-017	PRODUCTION	Converse swaps domain and range restriction		docs/section3-repair-audit/formal/Phase5SourceRules.lean#transpose_domain_restriction_is_range_restriction;docs/section3-repair-audit/formal/Phase5SourceRules.lean#transpose_range_restriction_is_domain_restriction	src/is/fivefivefive/CanDis/core/EGraphNode.java#parserCertifiedTransposeRestrictionSwap	src/is/fivefivefive/CanDis/CanonicalAlloyPipelineTest.java#main	PROVED_AND_CONNECTED	The unswapped coordinate is not admitted.
R0-REL-018	PRODUCTION	Restriction by a full endpoint is identity and an empty coordinate is zero		docs/section3-repair-audit/formal/Phase5SourceRules.lean#domain_restriction_univ_identity;docs/section3-repair-audit/formal/Phase5SourceRules.lean#range_restriction_univ_identity;docs/section3-repair-audit/formal/Phase5SourceRules.lean#domain_restriction_empty_restrictor;docs/section3-repair-audit/formal/Phase5SourceRules.lean#range_restriction_empty_restrictor;docs/section3-repair-audit/formal/Phase5SourceRules.lean#domain_restriction_empty_relation;docs/section3-repair-audit/formal/Phase5SourceRules.lean#range_restriction_empty_relation	src/is/fivefivefive/CanDis/core/EGraphNode.java#parserCertifiedRestrictionIdentityOrZero	src/is/fivefivefive/CanDis/CanonicalAlloyPipelineTest.java#main	PROVED_AND_CONNECTED	Full-carrier authority must be parser certified.
R0-REL-019	PRODUCTION	Endpoint and internal JOIN restrictions move only to their proved coordinates		docs/section3-repair-audit/formal/Phase5SourceRules.lean#join_lifts_left_endpoint_domain_restriction;docs/section3-repair-audit/formal/Phase5SourceRules.lean#join_lifts_right_endpoint_range_restriction;docs/section3-repair-audit/formal/Phase5SourceRules.lean#join_transfers_internal_range_to_domain_restriction;docs/section3-repair-audit/formal/Phase5SourceRules.lean#unary_left_restriction_stays_on_join_boundary;docs/section3-repair-audit/formal/Phase5SourceRules.lean#unary_right_range_or_domain_guard_has_same_join	src/is/fivefivefive/CanDis/core/EGraphNode.java#parserCertifiedJoinRestrictionNormalization	src/is/fivefivefive/CanDis/CanonicalAlloyPipelineTest.java#main	PROVED_AND_CONNECTED	Exact arity determines whether a coordinate survives composition.
R0-REL-020	PRODUCTION	Reflexive subset equality and explicit negations fold under certified operand identity		docs/section3-repair-audit/formal/Phase5SourceRules.lean#relation_subset_reflexive;docs/section3-repair-audit/formal/Phase5SourceRules.lean#relation_equality_reflexive;docs/section3-repair-audit/formal/Phase5SourceRules.lean#relation_not_subset_self_is_false;docs/section3-repair-audit/formal/Phase5SourceRules.lean#relation_inequality_self_is_false	src/is/fivefivefive/CanDis/core/EGraphNode.java#parserCertifiedReflexiveComparison	src/is/fivefivefive/CanDis/CanonicalAlloyPipelineTest.java#main	PROVED_AND_CONNECTED	Surface spelling alone cannot establish identity.
R0-REL-021	PRODUCTION	Structural subset closes union injection intersection difference and restriction projection		docs/section3-repair-audit/formal/Phase5SourceRules.lean#subset_union_left;docs/section3-repair-audit/formal/Phase5SourceRules.lean#intersection_subset_left;docs/section3-repair-audit/formal/Phase5SourceRules.lean#difference_subset_left;docs/section3-repair-audit/formal/Phase5SourceRules.lean#domain_restriction_subset_relation;docs/section3-repair-audit/formal/Phase5SourceRules.lean#range_restriction_subset_relation;docs/section3-repair-audit/formal/Phase5SourceRules.lean#subset_transitive	src/is/fivefivefive/CanDis/core/EGraphNode.java#parserCertifiedStructuralSubsetComparison	src/is/fivefivefive/CanDis/CanonicalAlloyPipelineTest.java#main	PROVED_AND_CONNECTED	Every recursive step retains equal arity and authority.
R0-REL-022	PRODUCTION	Subset over union-left and intersection-right expands conjunctively with exact negated duals		docs/section3-repair-audit/formal/Phase5SourceRules.lean#union_subset_iff;docs/section3-repair-audit/formal/Phase5SourceRules.lean#subset_intersection_iff;docs/section3-repair-audit/formal/Phase5SourceRules.lean#union_not_subset_iff;docs/section3-repair-audit/formal/Phase5SourceRules.lean#not_subset_intersection_iff;docs/section3-repair-audit/formal/Phase5SourceRules.lean#subset_union_does_not_split_disjunctively	src/is/fivefivefive/CanDis/core/EGraphNode.java#parserCertifiedSubsetLatticeExpansion	src/is/fivefivefive/CanDis/CanonicalAlloyPipelineTest.java#main	PROVED_AND_CONNECTED	Unsound opposite disjunctions remain explicit.
R0-REL-023	PRODUCTION	Subset of typed none becomes NO and its negation becomes SOME		docs/section3-repair-audit/formal/Phase5SourceRules.lean#subset_none_iff_no_members;docs/section3-repair-audit/formal/Phase5SourceRules.lean#not_subset_none_iff_some_member	src/is/fivefivefive/CanDis/core/EGraphNode.java#parserCertifiedEmptyRightSubsetExpansion	src/is/fivefivefive/CanDis/CanonicalAlloyPipelineTest.java#main	PROVED_AND_CONNECTED	Both operands require the same parser-certified relation arity.
R0-REL-024	PRODUCTION	A structurally contained union or intersection operand is absorbed		docs/section3-repair-audit/formal/Phase5SourceRules.lean#subset_union_absorption;docs/section3-repair-audit/formal/Phase5SourceRules.lean#subset_intersection_absorption	src/is/fivefivefive/CanDis/core/EGraphNode.java#parserCertifiedStructuralLatticeAbsorption	src/is/fivefivefive/CanDis/CanonicalAlloyPipelineTest.java#main	PROVED_AND_CONNECTED	Union removes the smaller operand and intersection removes the larger.
R0-REL-025	PRODUCTION	A difference intersects every subrelation of its removed side to none		docs/section3-repair-audit/formal/Phase5SourceRules.lean#difference_disjoint_from_removed_subrelation	src/is/fivefivefive/CanDis/core/EGraphNode.java#parserCertifiedDifferenceDisjointness	src/is/fivefivefive/CanDis/CanonicalAlloyPipelineTest.java#main	PROVED_AND_CONNECTED	The subrelation proof is structural and typed.
R0-REL-026	PRODUCTION	Difference and its retained partition recombine to the original relation		docs/section3-repair-audit/formal/Phase5SourceRules.lean#difference_partition_recombines;docs/section3-repair-audit/formal/Phase5SourceRules.lean#difference_subrelation_partition_recombines	src/is/fivefivefive/CanDis/core/EGraphNode.java#parserCertifiedDifferencePartitionRecombination	src/is/fivefivefive/CanDis/CanonicalAlloyPipelineTest.java#main	PROVED_AND_CONNECTED	Unrelated variadic siblings are retained.
R0-REL-027	PRODUCTION	Difference normalizes superrelation intersection and restored-difference partitions		docs/section3-repair-audit/formal/Phase5SourceRules.lean#difference_of_superrelation_is_none;docs/section3-repair-audit/formal/Phase5SourceRules.lean#difference_intersection_removal;docs/section3-repair-audit/formal/Phase5SourceRules.lean#difference_of_difference_restores_intersection	src/is/fivefivefive/CanDis/core/EGraphNode.java#parserCertifiedDifferencePartitionNormalization	src/is/fivefivefive/CanDis/CanonicalAlloyPipelineTest.java#main	PROVED_AND_CONNECTED	The result type must match the source occurrence.
R0-REL-028	PRODUCTION	Emptiness and nonemptiness of difference are exact subset duals		docs/section3-repair-audit/formal/Phase5SourceRules.lean#no_difference_iff_subset;docs/section3-repair-audit/formal/Phase5SourceRules.lean#some_difference_iff_not_subset	src/is/fivefivefive/CanDis/core/EGraphNode.java#parserCertifiedDifferenceCardinalityExpansion;src/is/fivefivefive/CanDis/core/NormalForm.java#normalizeRelationalUnaryAndIdentityRules	src/is/fivefivefive/CanDis/CanonicalAlloyPipelineTest.java#main	PROVED_AND_CONNECTED	Restrictions are rebuilt on both coordinates before comparison.
R0-REL-029	PRODUCTION	Unary domain and range restrictions coincide and orient to DOMAIN		docs/section3-repair-audit/formal/Phase5SourceRules.lean#unary_domain_and_range_restriction_coincide;docs/section3-repair-audit/formal/Phase5SourceRules.lean#binary_domain_and_range_restriction_do_not_generally_coincide	src/is/fivefivefive/CanDis/core/EGraphNode.java#parserCertifiedUnaryRestrictionOrientation	src/is/fivefivefive/CanDis/CanonicalAlloyPipelineTest.java#main	PROVED_AND_CONNECTED	Higher arity preserves distinct coordinate roles.
R0-REL-030	PRODUCTION	Converse and closure of exact empty binary relations normalize to typed empty or iden		docs/section3-repair-audit/formal/Phase5SourceRules.lean#converse_empty_binary_relation;docs/section3-repair-audit/formal/Phase5SourceRules.lean#transitive_closure_empty_relation;docs/section3-repair-audit/formal/Phase5SourceRules.lean#reflexive_transitive_closure_empty_relation	src/is/fivefivefive/CanDis/core/EGraphNode.java#parserCertifiedEmptyRelationalUnaryIdentity	src/is/fivefivefive/CanDis/CanonicalAlloyPipelineTest.java#main	PROVED_AND_CONNECTED	The result retains exact binary arity.
R0-REL-031	PRODUCTION	Complete abstract-signature unions recover their certified carrier		docs/section3-repair-audit/formal/Phase5SourceRules.lean#abstract_direct_extension_cover;docs/section3-repair-audit/formal/Phase5SourceRules.lean#abstract_single_extension_cover;docs/section3-repair-audit/formal/Phase5SourceRules.lean#nested_abstract_extension_cover;docs/section3-repair-audit/formal/Phase5SourceRules.lean#missing_abstract_branch_does_not_cover_parent	src/is/fivefivefive/CanDis/core/EGraphNode.java#parserCertifiedAbstractUnionCarrier	src/is/fivefivefive/CanDis/MASGVisitorTypeRegressionTest.java#checkAbstractSignatureCovers	PROVED_AND_CONNECTED	Every direct abstract extension branch must be present.
R0-REL-032	PRODUCTION	Full signature carriers absorb only parser-certified subrelations		docs/section3-repair-audit/formal/Phase5SourceRules.lean#subrelation_union_full_carrier_is_carrier;docs/section3-repair-audit/formal/Phase5SourceRules.lean#subrelation_intersection_full_carrier_is_subrelation;docs/section3-repair-audit/formal/Phase5SourceRules.lean#common_static_carrier_does_not_make_a_subrelation_full	src/is/fivefivefive/CanDis/core/EGraphNode.java#parserCertifiedDominantSignature;src/is/fivefivefive/CanDis/core/NormalForm.java#removeSubrelationsCoveredByFullCarriers;src/is/fivefivefive/CanDis/core/NormalForm.java#removeFullCarriersContainingSubrelations	src/is/fivefivefive/CanDis/CanonicalAlloyPipelineTest.java#checkCertifiedFullCarrierAbsorption	PROVED_AND_CONNECTED	A common type label is insufficient.
R0-REL-033	PRODUCTION	Identity JOIN transpose and closure fixed points normalize under exact identity authority		docs/section3-repair-audit/formal/Phase5SourceRules.lean#identity_relation_join_left;docs/section3-repair-audit/formal/Phase5SourceRules.lean#identity_relation_join_right;docs/section3-repair-audit/formal/Phase5SourceRules.lean#transpose_identity_relation;docs/section3-repair-audit/formal/Phase5SourceRules.lean#transpose_relation_involutive;docs/section3-repair-audit/formal/Phase5SourceRules.lean#transitive_closure_identity_relation;docs/section3-repair-audit/formal/Phase5SourceRules.lean#reflexive_transitive_closure_identity_relation;docs/section3-repair-audit/formal/Phase5SourceRules.lean#transitive_closure_idempotent;docs/section3-repair-audit/formal/Phase5SourceRules.lean#reflexive_transitive_closure_idempotent	src/is/fivefivefive/CanDis/core/EGraphNode.java#saturateRelationalUnaryRule;src/is/fivefivefive/CanDis/core/NormalForm.java#normalizeRelationalUnaryAndIdentityRules	src/is/fivefivefive/CanDis/MASGVisitorTypeRegressionTest.java#checkRelationalUnaryIdentities	PROVED_AND_CONNECTED	Forged iden spellings are excluded.
R0-REL-034	PRODUCTION	ARROW and JOIN with an exact empty operand produce an arity-preserving empty relation		docs/section3-repair-audit/formal/Phase5SourceRules.lean#empty_relation_product_left;docs/section3-repair-audit/formal/Phase5SourceRules.lean#empty_relation_product_right;docs/section3-repair-audit/formal/Phase5SourceRules.lean#empty_relation_join_left;docs/section3-repair-audit/formal/Phase5SourceRules.lean#empty_relation_join_right	src/is/fivefivefive/CanDis/core/EGraphNode.java#saturateOnce;src/is/fivefivefive/CanDis/core/NormalForm.java#normalizeGuardedSourceRules	src/is/fivefivefive/CanDis/CanonicalAlloyPipelineTest.java#checkEmptyRelationArity	PROVED_AND_CONNECTED	Nullary and wrong-arity empties are outside the rule.
